Country,DAA,YearMon,timeID,unitID,post_treat,treated
AT,40.263950892857146,2015-1,1,1,0,0
AT,45.74791666666667,2015-2,2,1,0,0
AT,41.48989919354839,2015-3,3,1,0,0
AT,39.58315972222222,2015-4,4,1,0,0
AT,36.649247311827956,2015-5,5,1,0,0
AT,39.29425,2015-6,6,1,0,0
AT,52.445040322580645,2015-7,7,1,0,0
AT,41.31066532258065,2015-8,8,1,0,0
AT,40.68486111111111,2015-9,9,1,0,0
AT,43.465564516129035,2015-10,10,1,0,0
AT,44.37238888888889,2015-11,11,1,0,0
AT,41.98528897849462,2015-12,12,1,0,0
AT,38.433037634408606,2016-1,13,1,0,0
AT,29.625258620689657,2016-2,14,1,0,0
AT,29.717432795698926,2016-3,15,1,0,0
AT,27.533784722222222,2016-4,16,1,0,0
AT,27.079442204301074,2016-5,17,1,0,0
AT,30.16745138888889,2016-6,18,1,0,0
AT,34.69468413978495,2016-7,19,1,0,0
AT,31.519899193548387,2016-8,20,1,0,0
AT,36.544895833333335,2016-9,21,1,0,0
AT,46.709375,2016-10,22,1,0,0
AT,49.701388888888886,2016-11,23,1,0,0
AT,47.81498655913978,2016-12,24,1,0,0
AT,65.29766129032258,2017-1,25,1,0,0
AT,48.00607886904762,2017-2,26,1,0,0
AT,37.85622311827957,2017-3,27,1,0,0
AT,35.3795625,2017-4,28,1,0,0
AT,36.05186155913979,2017-5,29,1,0,0
AT,39.05096527777778,2017-6,30,1,0,0
AT,41.47621639784946,2017-7,31,1,0,0
AT,43.120302419354836,2017-8,32,1,0,0
AT,41.50859027777778,2017-9,33,1,0,0
AT,41.61963709677419,2017-10,34,1,0,0
AT,54.09375694444444,2017-11,35,1,0,0
AT,33.62884408602151,2017-12,36,1,0,0
AT,29.500860215053763,2018-1,37,1,0,0
AT,40.12276785714286,2018-2,38,1,0,0
AT,37.35938172043011,2018-3,39,1,0,0
AT,31.96075,2018-4,40,1,0,0
AT,33.65854838709677,2018-5,41,1,0,0
AT,42.39336111111111,2018-6,42,1,0,0
AT,49.58970430107527,2018-7,43,1,0,0
AT,56.215537634408605,2018-8,44,1,0,0
AT,54.835,2018-9,45,1,0,0
AT,61.64587365591398,2018-10,46,1,0,0
AT,61.824041666666666,2018-11,47,1,0,0
AT,56.33037634408602,2018-12,48,1,0,0
AT,56.02556451612903,2019-1,49,1,0,0
AT,46.03102678571429,2019-2,50,1,0,0
AT,33.065900537634406,2019-3,51,1,0,0
AT,37.75009722222222,2019-4,52,1,0,0
AT,37.92192204301075,2019-5,53,1,0,0
AT,34.58315277777778,2019-6,54,1,0,0
AT,40.07842741935484,2019-7,55,1,0,0
AT,37.678413978494625,2019-8,56,1,0,0
AT,38.05195833333333,2019-9,57,1,0,0
AT,38.99135752688172,2019-10,58,1,0,0
AT,42.74594444444445,2019-11,59,1,0,0
AT,38.11784946236559,2019-12,60,1,0,0
AT,40.6932123655914,2020-1,61,1,0,0
AT,29.086221264367815,2020-2,62,1,0,0
AT,24.601854838709677,2020-3,63,1,0,0
AT,18.26313888888889,2020-4,64,1,0,0
AT,17.532244623655913,2020-5,65,1,0,0
AT,26.58701388888889,2020-6,66,1,0,0
AT,32.310752688172045,2020-7,67,1,0,0
AT,35.97706989247312,2020-8,68,1,0,0
AT,45.539291666666664,2020-9,69,1,0,0
AT,35.492540322580645,2020-10,70,1,0,0
AT,41.17826388888889,2020-11,71,1,0,0
AT,50.1919623655914,2020-12,72,1,0,0
AT,57.68081989247312,2021-1,73,1,0,0
AT,50.388526785714284,2021-2,74,1,0,0
AT,53.65358870967742,2021-3,75,1,0,0
AT,60.08444444444444,2021-4,76,1,0,0
AT,54.81016129032258,2021-5,77,1,0,0
AT,74.33747222222222,2021-6,78,1,0,0
AT,83.61116935483871,2021-7,79,1,0,0
AT,82.9380376344086,2021-8,80,1,0,0
AT,134.68543055555554,2021-9,81,1,0,0
AT,169.7792069892473,2021-10,82,1,0,0
AT,206.3082222222222,2021-11,83,1,0,0
AT,250.0310752688172,2021-12,84,1,0,0
AT,189.1637634408602,2022-1,85,1,0,0
AT,167.8047767857143,2022-2,86,1,0,0
AT,282.6256989247312,2022-3,87,1,0,0
AT,186.40955555555556,2022-4,88,1,0,0
AT,184.51895161290324,2022-5,89,1,0,0
AT,228.5761527777778,2022-6,90,1,1,0
AT,359.1967607526882,2022-7,91,1,1,0
AT,494.2112231182796,2022-8,92,1,1,0
AT,385.4859861111111,2022-9,93,1,1,0
AT,175.01256720430106,2022-10,94,1,1,0
AT,212.75780555555556,2022-11,95,1,1,0
AT,260.8254552360916,2022-12,96,1,1,0
BE,42.953244047619044,2015-1,1,2,0,0
BE,50.54255952380952,2015-2,2,2,0,0
BE,47.0498252688172,2015-3,3,2,0,0
BE,47.689875,2015-4,4,2,0,0
BE,37.57783602150538,2015-5,5,2,0,0
BE,39.11551388888889,2015-6,6,2,0,0
BE,42.5808064516129,2015-7,7,2,0,0
BE,42.43833333333333,2015-8,8,2,0,0
BE,52.487069444444444,2015-9,9,2,0,0
BE,55.430551075268816,2015-10,10,2,0,0
BE,43.10738888888889,2015-11,11,2,0,0
BE,35.93720430107527,2015-12,12,2,0,0
BE,32.59916666666667,2016-1,13,2,0,0
BE,25.399827586206897,2016-2,14,2,0,0
BE,27.120040322580646,2016-3,15,2,0,0
BE,25.427319444444446,2016-4,16,2,0,0
BE,25.378037634408603,2016-5,17,2,0,0
BE,30.698458333333335,2016-6,18,2,0,0
BE,31.320510752688172,2016-7,19,2,0,0
BE,28.90681451612903,2016-8,20,2,0,0
BE,37.72795833333333,2016-9,21,2,0,0
BE,57.187862903225806,2016-10,22,2,0,0
BE,62.32376388888889,2016-11,23,2,0,0
BE,54.919422043010755,2016-12,24,2,0,0
BE,72.66069892473118,2017-1,25,2,0,0
BE,47.545386904761905,2017-2,26,2,0,0
BE,34.46643817204301,2017-3,27,2,0,0
BE,37.31644444444444,2017-4,28,2,0,0
BE,37.20329301075269,2017-5,29,2,0,0
BE,32.71568055555556,2017-6,30,2,0,0
BE,33.54836021505376,2017-7,31,2,0,0
BE,31.79092741935484,2017-8,32,2,0,0
BE,37.19795833333333,2017-9,33,2,0,0
BE,49.00771505376344,2017-10,34,2,0,0
BE,66.62538888888889,2017-11,35,2,0,0
BE,55.02456989247312,2017-12,36,2,0,0
BE,36.80581989247312,2018-1,37,2,0,0
BE,47.39071428571429,2018-2,38,2,0,0
BE,50.70198924731183,2018-3,39,2,0,0
BE,37.74448611111111,2018-4,40,2,0,0
BE,44.555067204301075,2018-5,41,2,0,0
BE,49.93268055555556,2018-6,42,2,0,0
BE,52.95994623655914,2018-7,43,2,0,0
BE,60.737177419354836,2018-8,44,2,0,0
BE,68.72226388888889,2018-9,45,2,0,0
BE,76.05317204301075,2018-10,46,2,0,0
BE,77.7275,2018-11,47,2,0,0
BE,59.663924731182796,2018-12,48,2,0,0
BE,60.476290322580645,2019-1,49,2,0,0
BE,47.56742559523809,2019-2,50,2,0,0
BE,37.608655913978495,2019-3,51,2,0,0
BE,37.924375,2019-4,52,2,0,0
BE,38.000094086021505,2019-5,53,2,0,0
BE,27.485680555555557,2019-6,54,2,0,0
BE,37.762822580645164,2019-7,55,2,0,0
BE,33.694798387096775,2019-8,56,2,0,0
BE,33.585,2019-9,57,2,0,0
BE,37.61966397849462,2019-10,58,2,0,0
BE,44.408208333333334,2019-11,59,2,0,0
BE,36.361397849462364,2019-12,60,2,0,0
BE,37.847150537634406,2020-1,61,2,0,0
BE,28.356206896551726,2020-2,62,2,0,0
BE,24.022647849462366,2020-3,63,2,0,0
BE,14.679916666666667,2020-4,64,2,0,0
BE,15.408602150537634,2020-5,65,2,0,0
BE,25.590027777777777,2020-6,66,2,0,0
BE,29.872083333333332,2020-7,67,2,0,0
BE,35.55323924731183,2020-8,68,2,0,0
BE,44.22519444444445,2020-9,69,2,0,0
BE,39.38008064516129,2020-10,70,2,0,0
BE,39.934777777777775,2020-11,71,2,0,0
BE,47.395591397849465,2020-12,72,2,0,0
BE,57.44375,2021-1,73,2,0,0
BE,48.5677380952381,2021-2,74,2,0,0
BE,46.6275940860215,2021-3,75,2,0,0
BE,57.03651388888889,2021-4,76,2,0,0
BE,55.613373655913975,2021-5,77,2,0,0
BE,74.49495833333333,2021-6,78,2,0,0
BE,77.37272849462366,2021-7,79,2,0,0
BE,79.55462365591399,2021-8,80,2,0,0
BE,136.14890277777778,2021-9,81,2,0,0
BE,165.37045698924732,2021-10,82,2,0,0
BE,202.1688611111111,2021-11,83,2,0,0
BE,245.4303494623656,2021-12,84,2,0,0
BE,191.56244623655914,2022-1,85,2,0,0
BE,162.63748511904762,2022-2,86,2,0,0
BE,265.51270161290324,2022-3,87,2,0,0
BE,186.71780555555554,2022-4,88,2,0,0
BE,176.6657123655914,2022-5,89,2,0,0
BE,219.29344444444445,2022-6,90,2,1,0
BE,321.5475940860215,2022-7,91,2,1,0
BE,448.1226075268817,2022-8,92,2,1,0
BE,345.72647222222224,2022-9,93,2,1,0
BE,157.5072446236559,2022-10,94,2,1,0
BE,180.69505555555557,2022-11,95,2,1,0
BE,268.89071353436185,2022-12,96,2,1,0
BG,NA,2015-1,1,3,0,0
BG,NA,2015-2,2,3,0,0
BG,NA,2015-3,3,3,0,0
BG,NA,2015-4,4,3,0,0
BG,NA,2015-5,5,3,0,0
BG,NA,2015-6,6,3,0,0
BG,NA,2015-7,7,3,0,0
BG,NA,2015-8,8,3,0,0
BG,NA,2015-9,9,3,0,0
BG,NA,2015-10,10,3,0,0
BG,NA,2015-11,11,3,0,0
BG,NA,2015-12,12,3,0,0
BG,NA,2016-1,13,3,0,0
BG,NA,2016-2,14,3,0,0
BG,NA,2016-3,15,3,0,0
BG,NA,2016-4,16,3,0,0
BG,NA,2016-5,17,3,0,0
BG,NA,2016-6,18,3,0,0
BG,NA,2016-7,19,3,0,0
BG,NA,2016-8,20,3,0,0
BG,NA,2016-9,21,3,0,0
BG,67.13499999999999,2016-10,22,3,0,0
BG,71.2735276111944,2016-11,23,3,0,0
BG,79.24192999482402,2016-12,24,3,0,0
BG,106.41166666666666,2017-1,25,3,0,0
BG,84.65645833333333,2017-2,26,3,0,0
BG,62.2982123655914,2017-3,27,3,0,0
BG,68.32280555555556,2017-4,28,3,0,0
BG,70.92083333333333,2017-5,29,3,0,0
BG,68.29865277777778,2017-6,30,3,0,0
BG,82.46049731182796,2017-7,31,3,0,0
BG,75.14911290322581,2017-8,32,3,0,0
BG,73.91345833333334,2017-9,33,3,0,0
BG,81.29860215053763,2017-10,34,3,0,0
BG,82.39295833333334,2017-11,35,3,0,0
BG,75.00512096774193,2017-12,36,3,0,0
BG,72.94995967741936,2018-1,37,3,0,0
BG,71.37154761904762,2018-2,38,3,0,0
BG,53.80155913978495,2018-3,39,3,0,0
BG,55.45084722222222,2018-4,40,3,0,0
BG,72.96873655913978,2018-5,41,3,0,0
BG,70.49808333333333,2018-6,42,3,0,0
BG,64.98282258064516,2018-7,43,3,0,0
BG,78.3359005376344,2018-8,44,3,0,0
BG,92.33629166666667,2018-9,45,3,0,0
BG,101.72708333333334,2018-10,46,3,0,0
BG,89.14681944444445,2018-11,47,3,0,0
BG,111.91616935483871,2018-12,48,3,0,0
BG,131.7832258064516,2019-1,49,3,0,0
BG,77.55626488095238,2019-2,50,3,0,0
BG,68.7191129032258,2019-3,51,3,0,0
BG,81.33513888888889,2019-4,52,3,0,0
BG,81.42110215053764,2019-5,53,3,0,0
BG,79.1811388888889,2019-6,54,3,0,0
BG,108.51744623655914,2019-7,55,3,0,0
BG,101.99181451612903,2019-8,56,3,0,0
BG,108.15120833333333,2019-9,57,3,0,0
BG,109.14684139784946,2019-10,58,3,0,0
BG,81.09444444444445,2019-11,59,3,0,0
BG,83.1432123655914,2019-12,60,3,0,0
BG,107.54625,2020-1,61,3,0,0
BG,80.98270114942528,2020-2,62,3,0,0
BG,55.29873655913978,2020-3,63,3,0,0
BG,48.56090277777778,2020-4,64,3,0,0
BG,45.685564516129034,2020-5,65,3,0,0
BG,59.648180555555555,2020-6,66,3,0,0
BG,71.94025537634408,2020-7,67,3,0,0
BG,73.22635752688171,2020-8,68,3,0,0
BG,90.38380555555555,2020-9,69,3,0,0
BG,84.34369623655914,2020-10,70,3,0,0
BG,93.32245833333333,2020-11,71,3,0,0
BG,111.01130376344086,2020-12,72,3,0,0
BG,103.98379032258065,2021-1,73,3,0,0
BG,91.66559523809524,2021-2,74,3,0,0
BG,101.85768817204301,2021-3,75,3,0,0
BG,120.761375,2021-4,76,3,0,0
BG,117.39680107526881,2021-5,77,3,0,0
BG,150.91748611111112,2021-6,78,3,0,0
BG,185.7961424731183,2021-7,79,3,0,0
BG,218.1314247311828,2021-8,80,3,0,0
BG,244.60655555555556,2021-9,81,3,0,0
BG,368.80478494623657,2021-10,82,3,0,0
BG,408.17468055555554,2021-11,83,3,0,0
BG,429.78653225806454,2021-12,84,3,0,0
BG,293.7306182795699,2022-1,85,3,0,0
BG,187.54370535714287,2022-2,86,3,0,0
BG,248.94995967741934,2022-3,87,3,0,0
BG,174.51991666666666,2022-4,88,3,0,0
BG,201.80313172043012,2022-5,89,3,0,0
BG,223.1580972222222,2022-6,90,3,1,0
BG,323.3986827956989,2022-7,91,3,1,0
BG,433.2175940860215,2022-8,92,3,1,0
BG,375.1267361111111,2022-9,93,3,1,0
BG,205.92283602150536,2022-10,94,3,1,0
BG,220.23306944444445,2022-11,95,3,1,0
BG,246.63573680351905,2022-12,96,3,1,0
CZ,29.47452956989247,2015-1,1,4,0,0
CZ,36.11779761904762,2015-2,2,4,0,0
CZ,30.610524193548386,2015-3,3,4,0,0
CZ,29.844708333333333,2015-4,4,4,0,0
CZ,25.385309139784948,2015-5,5,4,0,0
CZ,30.67054166666667,2015-6,6,4,0,0
CZ,36.6999059139785,2015-7,7,4,0,0
CZ,32.687862903225806,2015-8,8,4,0,0
CZ,33.40127777777778,2015-9,9,4,0,0
CZ,39.08360215053764,2015-10,10,4,0,0
CZ,35.47031944444444,2015-11,11,4,0,0
CZ,28.756666666666668,2015-12,12,4,0,0
CZ,31.890336021505377,2016-1,13,4,0,0
CZ,23.369353448275863,2016-2,14,4,0,0
CZ,23.718817204301075,2016-3,15,4,0,0
CZ,24.687055555555556,2016-4,16,4,0,0
CZ,24.361075268817203,2016-5,17,4,0,0
CZ,32.15529166666667,2016-6,18,4,0,0
CZ,29.479005376344084,2016-7,19,4,0,0
CZ,27.634905913978493,2016-8,20,4,0,0
CZ,33.427236111111114,2016-9,21,4,0,0
CZ,43.43176075268817,2016-10,22,4,0,0
CZ,40.01361111111111,2016-11,23,4,0,0
CZ,39.31177419354839,2016-12,24,4,0,0
CZ,54.30721774193548,2017-1,25,4,0,0
CZ,40.60059523809524,2017-2,26,4,0,0
CZ,31.665524193548386,2017-3,27,4,0,0
CZ,29.625041666666668,2017-4,28,4,0,0
CZ,33.6125,2017-5,29,4,0,0
CZ,34.87090277777778,2017-6,30,4,0,0
CZ,40.253104838709675,2017-7,31,4,0,0
CZ,34.101612903225806,2017-8,32,4,0,0
CZ,34.71951388888889,2017-9,33,4,0,0
CZ,30.345954301075267,2017-10,34,4,0,0
CZ,40.72973611111111,2017-11,35,4,0,0
CZ,32.74620967741935,2017-12,36,4,0,0
CZ,33.12326612903226,2018-1,37,4,0,0
CZ,40.99872023809524,2018-2,38,4,0,0
CZ,37.724771505376346,2018-3,39,4,0,0
CZ,31.806319444444444,2018-4,40,4,0,0
CZ,34.575698924731185,2018-5,41,4,0,0
CZ,44.022847222222225,2018-6,42,4,0,0
CZ,49.72501344086022,2018-7,43,4,0,0
CZ,57.747029569892476,2018-8,44,4,0,0
CZ,55.84641666666667,2018-9,45,4,0,0
CZ,56.179717741935484,2018-10,46,4,0,0
CZ,58.61697222222222,2018-11,47,4,0,0
CZ,51.684422043010755,2018-12,48,4,0,0
CZ,55.38225806451613,2019-1,49,4,0,0
CZ,45.10177083333333,2019-2,50,4,0,0
CZ,33.02975806451613,2019-3,51,4,0,0
CZ,38.011430555555556,2019-4,52,4,0,0
CZ,37.873548387096776,2019-5,53,4,0,0
CZ,33.84331944444445,2019-6,54,4,0,0
CZ,42.04864247311828,2019-7,55,4,0,0
CZ,39.77028225806452,2019-8,56,4,0,0
CZ,39.730333333333334,2019-9,57,4,0,0
CZ,38.72966397849462,2019-10,58,4,0,0
CZ,41.989111111111114,2019-11,59,4,0,0
CZ,37.26920698924731,2019-12,60,4,0,0
CZ,41.811236559139786,2020-1,61,4,0,0
CZ,30.537887931034483,2020-2,62,4,0,0
CZ,25.414771505376343,2020-3,63,4,0,0
CZ,19.243861111111112,2020-4,64,4,0,0
CZ,18.096465053763442,2020-5,65,4,0,0
CZ,26.342930555555554,2020-6,66,4,0,0
CZ,32.76584677419355,2020-7,67,4,0,0
CZ,34.58119623655914,2020-8,68,4,0,0
CZ,44.89340277777778,2020-9,69,4,0,0
CZ,36.35493279569893,2020-10,70,4,0,0
CZ,41.67679166666667,2020-11,71,4,0,0
CZ,51.49127688172043,2020-12,72,4,0,0
CZ,56.15735215053763,2021-1,73,4,0,0
CZ,50.676770833333336,2021-2,74,4,0,0
CZ,53.73635752688172,2021-3,75,4,0,0
CZ,60.27701388888889,2021-4,76,4,0,0
CZ,59.28520161290322,2021-5,77,4,0,0
CZ,75.14163888888889,2021-6,78,4,0,0
CZ,84.99873655913979,2021-7,79,4,0,0
CZ,84.99360215053764,2021-8,80,4,0,0
CZ,129.7106388888889,2021-9,81,4,0,0
CZ,140.62444892473118,2021-10,82,4,0,0
CZ,180.30654166666667,2021-11,83,4,0,0
CZ,228.58809139784947,2021-12,84,4,0,0
CZ,179.7228494623656,2022-1,85,4,0,0
CZ,155.02738095238095,2022-2,86,4,0,0
CZ,259.82073924731185,2022-3,87,4,0,0
CZ,174.35498611111112,2022-4,88,4,0,0
CZ,189.02029569892474,2022-5,89,4,0,0
CZ,224.9646111111111,2022-6,90,4,1,0
CZ,319.6414112903226,2022-7,91,4,1,0
CZ,476.72727150537634,2022-8,92,4,1,0
CZ,364.4497083333333,2022-9,93,4,1,0
CZ,168.04147849462365,2022-10,94,4,1,0
CZ,197.07526388888888,2022-11,95,4,1,0
CZ,250.41262388966805,2022-12,96,4,1,0
DE,30.748883928571427,2015-1,1,5,0,0
DE,36.694181547619046,2015-2,2,5,0,0
DE,31.297836021505375,2015-3,3,5,0,0
DE,29.77859722222222,2015-4,4,5,0,0
DE,25.330389784946238,2015-5,5,5,0,0
DE,30.10973611111111,2015-6,6,5,0,0
DE,34.979677419354836,2015-7,7,5,0,0
DE,31.61340053763441,2015-8,8,5,0,0
DE,31.88861111111111,2015-9,9,5,0,0
DE,39.368897849462364,2015-10,10,5,0,0
DE,32.381680555555555,2015-11,11,5,0,0
DE,27.785564516129032,2015-12,12,5,0,0
DE,29.02537634408602,2016-1,13,5,0,0
DE,21.998419540229886,2016-2,14,5,0,0
DE,24.299059139784944,2016-3,15,5,0,0
DE,24.210125,2016-4,16,5,0,0
DE,22.550860215053763,2016-5,17,5,0,0
DE,27.704638888888887,2016-6,18,5,0,0
DE,27.181115591397848,2016-7,19,5,0,0
DE,27.18172043010753,2016-8,20,5,0,0
DE,30.51076388888889,2016-9,21,5,0,0
DE,37.14176075268817,2016-10,22,5,0,0
DE,38.21348611111111,2016-11,23,5,0,0
DE,37.47005376344086,2016-12,24,5,0,0
DE,52.40514784946237,2017-1,25,5,0,0
DE,39.68098214285714,2017-2,26,5,0,0
DE,31.69116935483871,2017-3,27,5,0,0
DE,28.721180555555556,2017-4,28,5,0,0
DE,30.61010752688172,2017-5,29,5,0,0
DE,30.004180555555557,2017-6,30,5,0,0
DE,33.00557795698925,2017-7,31,5,0,0
DE,30.855887096774193,2017-8,32,5,0,0
DE,34.298097222222225,2017-9,33,5,0,0
DE,28.288655913978495,2017-10,34,5,0,0
DE,40.379,2017-11,35,5,0,0
DE,30.710497311827957,2017-12,36,5,0,0
DE,29.500860215053763,2018-1,37,5,0,0
DE,40.12276785714286,2018-2,38,5,0,0
DE,37.35938172043011,2018-3,39,5,0,0
DE,31.96075,2018-4,40,5,0,0
DE,33.65854838709677,2018-5,41,5,0,0
DE,42.39336111111111,2018-6,42,5,0,0
DE,49.58970430107527,2018-7,43,5,0,0
DE,56.215537634408605,2018-8,44,5,0,0
DE,54.835,2018-9,45,5,0,0
DE,53.08212365591398,2018-10,46,5,0,0
DE,56.68083333333333,2018-11,47,5,0,0
DE,48.110604838709676,2018-12,48,5,0,0
DE,49.413844086021506,2019-1,49,5,0,0
DE,42.814613095238094,2019-2,50,5,0,0
DE,30.614852150537633,2019-3,51,5,0,0
DE,36.97281944444445,2019-4,52,5,0,0
DE,37.83208333333333,2019-5,53,5,0,0
DE,32.50445833333333,2019-6,54,5,0,0
DE,39.71306451612903,2019-7,55,5,0,0
DE,36.81869623655914,2019-8,56,5,0,0
DE,35.76566666666667,2019-9,57,5,0,0
DE,36.94754032258064,2019-10,58,5,0,0
DE,41.00483333333333,2019-11,59,5,0,0
DE,31.970618279569894,2019-12,60,5,0,0
DE,34.97870967741935,2020-1,61,5,0,0
DE,21.91183908045977,2020-2,62,5,0,0
DE,22.519314516129032,2020-3,63,5,0,0
DE,17.049194444444446,2020-4,64,5,0,0
DE,17.604879032258065,2020-5,65,5,0,0
DE,26.229166666666668,2020-6,66,5,0,0
DE,30.07494623655914,2020-7,67,5,0,0
DE,34.88970430107527,2020-8,68,5,0,0
DE,43.67809722222222,2020-9,69,5,0,0
DE,33.955900537634406,2020-10,70,5,0,0
DE,38.79651388888889,2020-11,71,5,0,0
DE,43.54505376344086,2020-12,72,5,0,0
DE,52.793198924731186,2021-1,73,5,0,0
DE,48.70690476190476,2021-2,74,5,0,0
DE,47.18168010752688,2021-3,75,5,0,0
DE,53.657152777777775,2021-4,76,5,0,0
DE,53.33150537634408,2021-5,77,5,0,0
DE,74.13072222222222,2021-6,78,5,0,0
DE,81.29489247311828,2021-7,79,5,0,0
DE,82.81185483870968,2021-8,80,5,0,0
DE,128.33577777777776,2021-9,81,5,0,0
DE,139.54338709677418,2021-10,82,5,0,0
DE,176.2458472222222,2021-11,83,5,0,0
DE,220.96862321250416,2021-12,84,5,0,0
DE,167.8745564516129,2022-1,85,5,0,0
DE,128.7774107142857,2022-2,86,5,0,0
DE,251.75978494623655,2022-3,87,5,0,0
DE,166.00181944444444,2022-4,88,5,0,0
DE,177.50618279569892,2022-5,89,5,0,0
DE,218.1820138888889,2022-6,90,5,1,0
DE,315.2624865591398,2022-7,91,5,1,0
DE,465.51416666666665,2022-8,92,5,1,0
DE,344.9385555555556,2022-9,93,5,1,0
DE,152.6110483870968,2022-10,94,5,1,0
DE,173.928,2022-11,95,5,1,0
DE,251.22273492286115,2022-12,96,5,1,0
DK,27.451008064516127,2015-1,1,6,0,0
DK,30.096629464285716,2015-2,2,6,0,0
DK,26.987143817204302,2015-3,3,6,0,0
DK,26.01045138888889,2015-4,4,6,0,0
DK,22.7228561827957,2015-5,5,6,0,0
DK,20.323611111111113,2015-6,6,6,0,0
DK,13.700557795698925,2015-7,7,6,0,0
DK,22.94616935483871,2015-8,8,6,0,0
DK,23.255479166666667,2015-9,9,6,0,0
DK,26.544596774193547,2015-10,10,6,0,0
DK,25.597944444444444,2015-11,11,6,0,0
DK,19.26883064516129,2015-12,12,6,0,0
DK,27.97171370967742,2016-1,13,6,0,0
DK,18.86925287356322,2016-2,14,6,0,0
DK,21.47649865591398,2016-3,15,6,0,0
DK,22.083159722222224,2016-4,16,6,0,0
DK,23.932331989247313,2016-5,17,6,0,0
DK,31.146618055555557,2016-6,18,6,0,0
DK,27.886780913978495,2016-7,19,6,0,0
DK,28.882298387096775,2016-8,20,6,0,0
DK,29.983256944444445,2016-9,21,6,0,0
DK,34.95359543010753,2016-10,22,6,0,0
DK,39.02681944444444,2016-11,23,6,0,0
DK,29.952540322580646,2016-12,24,6,0,0
DK,32.28620967741936,2017-1,25,6,0,0
DK,31.221800595238097,2017-2,26,6,0,0
DK,29.49003360215054,2017-3,27,6,0,0
DK,28.11184722222222,2017-4,28,6,0,0
DK,29.423541666666665,2017-5,29,6,0,0
DK,28.59188888888889,2017-6,30,6,0,0
DK,31.760396505376345,2017-7,31,6,0,0
DK,33.535436827956985,2017-8,32,6,0,0
DK,36.050784722222225,2017-9,33,6,0,0
DK,29.645611559139784,2017-10,34,6,0,0
DK,33.85440277777778,2017-11,35,6,0,0
DK,28.434905913978493,2017-12,36,6,0,0
DK,31.162647849462367,2018-1,37,6,0,0
DK,38.976369047619045,2018-2,38,6,0,0
DK,40.45290994623656,2018-3,39,6,0,0
DK,35.96843055555556,2018-4,40,6,0,0
DK,36.507977150537634,2018-5,41,6,0,0
DK,46.80611805555556,2018-6,42,6,0,0
DK,52.76112231182796,2018-7,43,6,0,0
DK,56.286350806451615,2018-8,44,6,0,0
DK,50.82074305555555,2018-9,45,6,0,0
DK,49.172916666666666,2018-10,46,6,0,0
DK,54.36304861111111,2018-11,47,6,0,0
DK,47.88823924731183,2018-12,48,6,0,0
DK,51.006236559139786,2019-1,49,6,0,0
DK,43.357261904761906,2019-2,50,6,0,0
DK,34.59832661290323,2019-3,51,6,0,0
DK,39.49717361111111,2019-4,52,6,0,0
DK,37.77897849462366,2019-5,53,6,0,0
DK,33.23436805555556,2019-6,54,6,0,0
DK,38.940524193548384,2019-7,55,6,0,0
DK,38.65051075268817,2019-8,56,6,0,0
DK,36.36168055555556,2019-9,57,6,0,0
DK,39.89542338709678,2019-10,58,6,0,0
DK,42.22398611111111,2019-11,59,6,0,0
DK,34.687647849462365,2019-12,60,6,0,0
DK,26.14508064516129,2020-1,61,6,0,0
DK,18.207658045977013,2020-2,62,6,0,0
DK,19.117163978494624,2020-3,63,6,0,0
DK,15.947375000000001,2020-4,64,6,0,0
DK,17.557325268817205,2020-5,65,6,0,0
DK,28.02821527777778,2020-6,66,6,0,0
DK,25.328931451612902,2020-7,67,6,0,0
DK,37.75730510752688,2020-8,68,6,0,0
DK,38.96295833333333,2020-9,69,6,0,0
DK,26.30119623655914,2020-10,70,6,0,0
DK,29.758826388888888,2020-11,71,6,0,0
DK,36.921344086021506,2020-12,72,6,0,0
DK,50.51992607526881,2021-1,73,6,0,0
DK,50.90572916666667,2021-2,74,6,0,0
DK,45.90210349462365,2021-3,75,6,0,0
DK,47.96927083333333,2021-4,76,6,0,0
DK,54.740752688172044,2021-5,77,6,0,0
DK,73.704125,2021-6,78,6,0,0
DK,80.64201612903226,2021-7,79,6,0,0
DK,83.6948252688172,2021-8,80,6,0,0
DK,124.52852777777778,2021-9,81,6,0,0
DK,111.82149865591398,2021-10,82,6,0,0
DK,139.23508333333334,2021-11,83,6,0,0
DK,190.10288978494623,2021-12,84,6,0,0
DK,114.93260080645162,2022-1,85,6,0,0
DK,106.60702380952381,2022-2,86,6,0,0
DK,231.7847110215054,2022-3,87,6,0,0
DK,158.42575,2022-4,88,6,0,0
DK,167.28745967741935,2022-5,89,6,0,0
DK,213.98047222222223,2022-6,90,6,1,0
DK,254.5194489247312,2022-7,91,6,1,0
DK,453.59024865591397,2022-8,92,6,1,0
DK,334.6333333333333,2022-9,93,6,1,0
DK,137.03595430107526,2022-10,94,6,1,0
DK,142.6707361111111,2022-11,95,6,1,0
DK,248.90390749181861,2022-12,96,6,1,0
EE,33.83521505376344,2015-1,1,7,0,0
EE,33.41636904761905,2015-2,2,7,0,0
EE,30.307217741935485,2015-3,3,7,0,0
EE,30.499569444444447,2015-4,4,7,0,0
EE,32.26966397849463,2015-5,5,7,0,0
EE,27.26123611111111,2015-6,6,7,0,0
EE,28.041290322580647,2015-7,7,7,0,0
EE,31.225120967741937,2015-8,8,7,0,0
EE,31.689694444444445,2015-9,9,7,0,0
EE,35.02076612903226,2015-10,10,7,0,0
EE,32.87961111111111,2015-11,11,7,0,0
EE,26.716478494623654,2015-12,12,7,0,0
EE,37.631075268817206,2016-1,13,7,0,0
EE,28.279367816091955,2016-2,14,7,0,0
EE,29.395819892473117,2016-3,15,7,0,0
EE,29.728944444444444,2016-4,16,7,0,0
EE,28.264005376344087,2016-5,17,7,0,0
EE,36.23302777777778,2016-6,18,7,0,0
EE,30.963709677419356,2016-7,19,7,0,0
EE,31.376814516129034,2016-8,20,7,0,0
EE,32.40486111111111,2016-9,21,7,0,0
EE,37.572997311827955,2016-10,22,7,0,0
EE,40.855583333333335,2016-11,23,7,0,0
EE,33.99620967741935,2016-12,24,7,0,0
EE,33.274059139784946,2017-1,25,7,0,0
EE,35.12805059523809,2017-2,26,7,0,0
EE,30.649112903225806,2017-3,27,7,0,0
EE,31.17176388888889,2017-4,28,7,0,0
EE,30.644354838709678,2017-5,29,7,0,0
EE,30.661527777777778,2017-6,30,7,0,0
EE,34.33670698924731,2017-7,31,7,0,0
EE,36.352782258064515,2017-8,32,7,0,0
EE,37.25815277777778,2017-9,33,7,0,0
EE,33.44561827956989,2017-10,34,7,0,0
EE,33.70322222222222,2017-11,35,7,0,0
EE,32.009408602150536,2017-12,36,7,0,0
EE,37.11008064516129,2018-1,37,7,0,0
EE,43.375997023809525,2018-2,38,7,0,0
EE,45.309637096774196,2018-3,39,7,0,0
EE,39.81348611111111,2018-4,40,7,0,0
EE,38.730376344086025,2018-5,41,7,0,0
EE,47.80898611111111,2018-6,42,7,0,0
EE,54.06962365591398,2018-7,43,7,0,0
EE,55.401747311827954,2018-8,44,7,0,0
EE,50.889430555555556,2018-9,45,7,0,0
EE,46.36573924731183,2018-10,46,7,0,0
EE,52.619347222222224,2018-11,47,7,0,0
EE,53.030067204301076,2018-12,48,7,0,0
EE,55.79096774193548,2019-1,49,7,0,0
EE,47.26474702380953,2019-2,50,7,0,0
EE,40.07676075268817,2019-3,51,7,0,0
EE,42.10890277777778,2019-4,52,7,0,0
EE,42.35130376344086,2019-5,53,7,0,0
EE,43.47345833333333,2019-6,54,7,0,0
EE,48.970389784946235,2019-7,55,7,0,0
EE,49.04918010752688,2019-8,56,7,0,0
EE,48.78227777777778,2019-9,57,7,0,0
EE,47.68766129032258,2019-10,58,7,0,0
EE,45.71993055555556,2019-11,59,7,0,0
EE,39.04110215053763,2019-12,60,7,0,0
EE,30.818655913978496,2020-1,61,7,0,0
EE,28.094640804597702,2020-2,62,7,0,0
EE,23.99258064516129,2020-3,63,7,0,0
EE,23.68025,2020-4,64,7,0,0
EE,25.018091397849464,2020-5,65,7,0,0
EE,37.76352777777778,2020-6,66,7,0,0
EE,30.169462365591396,2020-7,67,7,0,0
EE,40.92439516129032,2020-8,68,7,0,0
EE,39.55122222222222,2020-9,69,7,0,0
EE,37.65393817204301,2020-10,70,7,0,0
EE,40.986,2020-11,71,7,0,0
EE,45.49724462365592,2020-12,72,7,0,0
EE,53.57005376344086,2021-1,73,7,0,0
EE,59.11994047619048,2021-2,74,7,0,0
EE,43.508978494623655,2021-3,75,7,0,0
EE,43.68936111111111,2021-4,76,7,0,0
EE,48.36325268817205,2021-5,77,7,0,0
EE,71.81430555555555,2021-6,78,7,0,0
EE,83.70456989247312,2021-7,79,7,0,0
EE,87.14569892473118,2021-8,80,7,0,0
EE,122.36870833333333,2021-9,81,7,0,0
EE,105.61389784946236,2021-10,82,7,0,0
EE,116.87897222222222,2021-11,83,7,0,0
EE,202.54814516129034,2021-12,84,7,0,0
EE,141.86075268817206,2022-1,85,7,0,0
EE,104.5880505952381,2022-2,86,7,0,0
EE,151.15979838709677,2022-3,87,7,0,0
EE,100.71475,2022-4,88,7,0,0
EE,151.35650537634407,2022-5,89,7,0,0
EE,173.74425,2022-6,90,7,1,0
EE,233.68970430107527,2022-7,91,7,1,0
EE,360.6965322580645,2022-8,92,7,1,0
EE,229.41968055555554,2022-9,93,7,1,0
EE,174.14612903225807,2022-10,94,7,1,0
EE,219.23370833333334,2022-11,95,7,1,0
EE,263.07565860215055,2022-12,96,7,1,0
ES,51.5430376344086,2015-1,1,8,0,1
ES,42.60608630952381,2015-2,2,8,0,1
ES,43.08432795698925,2015-3,3,8,0,1
ES,45.38505555555555,2015-4,4,8,0,1
ES,45.1483064516129,2015-5,5,8,0,1
ES,54.74554166666667,2015-6,6,8,0,1
ES,59.526747311827954,2015-7,7,8,0,1
ES,55.60958333333333,2015-8,8,8,0,1
ES,51.87383333333334,2015-9,9,8,0,1
ES,49.88583333333333,2015-10,10,8,0,1
ES,51.21619444444444,2015-11,11,8,0,1
ES,52.586424731182795,2015-12,12,8,0,1
ES,36.514932795698925,2016-1,13,8,0,1
ES,27.47925287356322,2016-2,14,8,0,1
ES,27.793239247311828,2016-3,15,8,0,1
ES,24.098375,2016-4,16,8,0,1
ES,25.812056451612904,2016-5,17,8,0,1
ES,38.924347222222224,2016-6,18,8,0,1
ES,40.51584677419355,2016-7,19,8,0,1
ES,41.14416666666666,2016-8,20,8,0,1
ES,43.60475,2016-9,21,8,0,1
ES,52.84755376344086,2016-10,22,8,0,1
ES,56.146375,2016-11,23,8,0,1
ES,60.48635752688172,2016-12,24,8,0,1
ES,71.50611559139784,2017-1,25,8,0,1
ES,51.70363095238095,2017-2,26,8,0,1
ES,43.16017473118279,2017-3,27,8,0,1
ES,43.68673611111111,2017-4,28,8,0,1
ES,47.17415322580645,2017-5,29,8,0,1
ES,50.20333333333333,2017-6,30,8,0,1
ES,48.632217741935484,2017-7,31,8,0,1
ES,47.44994623655914,2017-8,32,8,0,1
ES,49.160916666666665,2017-9,33,8,0,1
ES,56.784408602150535,2017-10,34,8,0,1
ES,59.21825,2017-11,35,8,0,1
ES,57.85362903225806,2017-12,36,8,0,1
ES,50.0509811827957,2018-1,37,8,0,1
ES,54.86732142857143,2018-2,38,8,0,1
ES,40.156155913978495,2018-3,39,8,0,1
ES,42.685291666666664,2018-4,40,8,0,1
ES,54.98024193548387,2018-5,41,8,0,1
ES,58.44956944444444,2018-6,42,8,0,1
ES,61.87819892473118,2018-7,43,8,0,1
ES,64.34020161290323,2018-8,44,8,0,1
ES,71.25444444444445,2018-9,45,8,0,1
ES,65.10649193548387,2018-10,46,8,0,1
ES,61.96447222222222,2018-11,47,8,0,1
ES,61.80711021505376,2018-12,48,8,0,1
ES,61.959852150537635,2019-1,49,8,0,1
ES,54.02049107142857,2019-2,50,8,0,1
ES,48.83611559139785,2019-3,51,8,0,1
ES,50.40361111111111,2019-4,52,8,0,1
ES,48.39399193548387,2019-5,53,8,0,1
ES,47.16123611111111,2019-6,54,8,0,1
ES,51.464301075268814,2019-7,55,8,0,1
ES,44.95181451612903,2019-8,56,8,0,1
ES,42.13011111111111,2019-9,57,8,0,1
ES,47.1523252688172,2019-10,58,8,0,1
ES,42.18718055555556,2019-11,59,8,0,1
ES,33.809368279569895,2019-12,60,8,0,1
ES,41.080094086021504,2020-1,61,8,0,1
ES,35.855704022988505,2020-2,62,8,0,1
ES,27.737002688172044,2020-3,63,8,0,1
ES,17.60902777777778,2020-4,64,8,0,1
ES,21.33369623655914,2020-5,65,8,0,1
ES,30.63211111111111,2020-6,66,8,0,1
ES,34.623306451612905,2020-7,67,8,0,1
ES,36.21193548387097,2020-8,68,8,0,1
ES,41.94605555555555,2020-9,69,8,0,1
ES,36.54693548387097,2020-10,70,8,0,1
ES,41.96422222222222,2020-11,71,8,0,1
ES,41.9715188172043,2020-12,72,8,0,1
ES,60.099556451612905,2021-1,73,8,0,1
ES,28.542514880952382,2021-2,74,8,0,1
ES,45.48087365591398,2021-3,75,8,0,1
ES,65.06147222222222,2021-4,76,8,0,1
ES,67.18366935483871,2021-5,77,8,0,1
ES,83.31108333333333,2021-6,78,8,0,1
ES,92.36961021505377,2021-7,79,8,0,1
ES,106.08122311827957,2021-8,80,8,0,1
ES,156.40465277777778,2021-9,81,8,0,1
ES,199.67299731182797,2021-10,82,8,0,1
ES,193.72338888888888,2021-11,83,8,0,1
ES,238.97243279569892,2021-12,84,8,0,1
ES,201.8016801075269,2022-1,85,8,0,1
ES,200.30928571428572,2022-2,86,8,0,1
ES,283.1902284946237,2022-3,87,8,0,1
ES,191.51891666666666,2022-4,88,8,0,1
ES,187.1648387096774,2022-5,89,8,0,1
ES,218.59304166666666,2022-6,90,8,1,1
ES,258.12697580645164,2022-7,91,8,1,1
ES,308.7251612903226,2022-8,92,8,1,1
ES,243.79393055555556,2022-9,93,8,1,1
ES,163.09385752688172,2022-10,94,8,1,1
ES,124.44794444444445,2022-11,95,8,1,1
ES,135.0886407199626,2022-12,96,8,1,1
FI,33.80120967741936,2015-1,1,9,0,0
FI,33.16822916666666,2015-2,2,9,0,0
FI,29.41622311827957,2015-3,3,9,0,0
FI,30.094819444444443,2015-4,4,9,0,0
FI,25.83959677419355,2015-5,5,9,0,0
FI,21.520805555555555,2015-6,6,9,0,0
FI,27.55087365591398,2015-7,7,9,0,0
FI,31.15,2015-8,8,9,0,0
FI,31.741708333333335,2015-9,9,9,0,0
FI,33.53639784946237,2015-10,10,9,0,0
FI,31.736541666666668,2015-11,11,9,0,0
FI,26.553333333333335,2015-12,12,9,0,0
FI,37.82639784946237,2016-1,13,9,0,0
FI,26.091020114942527,2016-2,14,9,0,0
FI,27.08752688172043,2016-3,15,9,0,0
FI,27.249458333333333,2016-4,16,9,0,0
FI,28.06638440860215,2016-5,17,9,0,0
FI,35.42066666666667,2016-6,18,9,0,0
FI,30.963709677419356,2016-7,19,9,0,0
FI,31.376814516129034,2016-8,20,9,0,0
FI,32.52345833333333,2016-9,21,9,0,0
FI,37.20710654936462,2016-10,22,9,0,0
FI,41.01119444444444,2016-11,23,9,0,0
FI,33.985389784946236,2016-12,24,9,0,0
FI,33.30028225806451,2017-1,25,9,0,0
FI,35.067083333333336,2017-2,26,9,0,0
FI,30.669973118279568,2017-3,27,9,0,0
FI,31.397708333333334,2017-4,28,9,0,0
FI,30.662634408602152,2017-5,29,9,0,0
FI,30.64690277777778,2017-6,30,9,0,0
FI,34.175766129032255,2017-7,31,9,0,0
FI,36.295725806451614,2017-8,32,9,0,0
FI,37.25816666666667,2017-9,33,9,0,0
FI,33.43465053763441,2017-10,34,9,0,0
FI,33.66965277777778,2017-11,35,9,0,0
FI,31.913548387096775,2017-12,36,9,0,0
FI,37.0802688172043,2018-1,37,9,0,0
FI,43.375997023809525,2018-2,38,9,0,0
FI,45.59383064516129,2018-3,39,9,0,0
FI,40.13813888888889,2018-4,40,9,0,0
FI,38.69727150537634,2018-5,41,9,0,0
FI,47.18325,2018-6,42,9,0,0
FI,54.01237903225807,2018-7,43,9,0,0
FI,55.503024193548384,2018-8,44,9,0,0
FI,50.95979166666667,2018-9,45,9,0,0
FI,46.35932795698925,2018-10,46,9,0,0
FI,50.08190277777778,2018-11,47,9,0,0
FI,52.29592741935484,2018-12,48,9,0,0
FI,55.80630376344086,2019-1,49,9,0,0
FI,46.74778273809524,2019-2,50,9,0,0
FI,39.98435483870968,2019-3,51,9,0,0
FI,41.36966666666667,2019-4,52,9,0,0
FI,39.86294354838709,2019-5,53,9,0,0
FI,30.72586111111111,2019-6,54,9,0,0
FI,45.96295698924731,2019-7,55,9,0,0
FI,48.743924731182794,2019-8,56,9,0,0
FI,48.75538888888889,2019-9,57,9,0,0
FI,46.36018817204301,2019-10,58,9,0,0
FI,45.71213888888889,2019-11,59,9,0,0
FI,38.403091397849465,2019-12,60,9,0,0
FI,27.144516129032258,2020-1,61,9,0,0
FI,24.44028735632184,2020-2,62,9,0,0
FI,20.353360215053762,2020-3,63,9,0,0
FI,19.80645833333333,2020-4,64,9,0,0
FI,19.461922043010752,2020-5,65,9,0,0
FI,28.246319444444445,2020-6,66,9,0,0
FI,20.273131720430108,2020-7,67,9,0,0
FI,40.565981182795696,2020-8,68,9,0,0
FI,37.779291666666666,2020-9,69,9,0,0
FI,31.080645161290324,2020-10,70,9,0,0
FI,27.635708333333334,2020-11,71,9,0,0
FI,39.270806451612906,2020-12,72,9,0,0
FI,51.24641129032258,2021-1,73,9,0,0
FI,57.095982142857146,2021-2,74,9,0,0
FI,38.3190188172043,2021-3,75,9,0,0
FI,36.8335,2021-4,76,9,0,0
FI,45.90395161290323,2021-5,77,9,0,0
FI,56.176833333333335,2021-6,78,9,0,0
FI,78.79040322580644,2021-7,79,9,0,0
FI,68.13717741935484,2021-8,80,9,0,0
FI,89.3013888888889,2021-9,81,9,0,0
FI,64.846989247311825,2021-10,82,9,0,0
FI,86.05402777777778,2021-11,83,9,0,0
FI,193.27389784946237,2021-12,84,9,0,0
FI,106.83190860215053,2022-1,85,9,0,0
FI,80.85342261904762,2022-2,86,9,0,0
FI,86.63418010752689,2022-3,87,9,0,0
FI,79.415625,2022-4,88,9,0,0
FI,132.34818548387096,2022-5,89,9,0,0
FI,140.32986111111111,2022-6,90,9,1,0
FI,183.9196639784946,2022-7,91,9,1,0
FI,261.5330107526882,2022-8,92,9,1,0
FI,215.46423611111112,2022-9,93,9,1,0
FI,113.21049731182796,2022-10,94,9,1,0
FI,195.62152777777777,2022-11,95,9,1,0
FI,245.61723484848486,2022-12,96,9,1,0
FR,45.592083333333335,2015-1,1,10,0,0
FR,52.47096726190476,2015-2,2,10,0,0
FR,47.738454301075265,2015-3,3,10,0,0
FR,44.45184027777778,2015-4,4,10,0,0
FR,37.21344086021505,2015-5,5,10,0,0
FR,40.31725,2015-6,6,10,0,0
FR,53.912412634408604,2015-7,7,10,0,0
FR,41.599065860215056,2015-8,8,10,0,0
FR,43.464708333333334,2015-9,9,10,0,0
FR,46.258844086021504,2015-10,10,10,0,0
FR,49.030881944444445,2015-11,11,10,0,0
FR,45.65575268817204,2015-12,12,10,0,0
FR,40.716485215053766,2016-1,13,10,0,0
FR,31.39658764367816,2016-2,14,10,0,0
FR,31.111505376344084,2016-3,15,10,0,0
FR,28.16815972222222,2016-4,16,10,0,0
FR,27.94296370967742,2016-5,17,10,0,0
FR,30.326583333333332,2016-6,18,10,0,0
FR,36.15360215053764,2016-7,19,10,0,0
FR,32.786673387096776,2016-8,20,10,0,0
FR,39.89055555555556,2016-9,21,10,0,0
FR,55.72129704301075,2016-10,22,10,0,0
FR,63.18370138888889,2016-11,23,10,0,0
FR,58.69875672043011,2016-12,24,10,0,0
FR,78.09286290322581,2017-1,25,10,0,0
FR,53.73334077380952,2017-2,26,10,0,0
FR,39.71263440860215,2017-3,27,10,0,0
FR,38.386743055555556,2017-4,28,10,0,0
FR,37.87781586021505,2017-5,29,10,0,0
FR,40.416979166666664,2017-6,30,10,0,0
FR,42.2788373655914,2017-7,31,10,0,0
FR,43.70360887096774,2017-8,32,10,0,0
FR,42.859631944444445,2017-9,33,10,0,0
FR,52.3158064516129,2017-10,34,10,0,0
FR,65.632875,2017-11,35,10,0,0
FR,56.92961021505376,2017-12,36,10,0,0
FR,34.98434139784946,2018-1,37,10,0,0
FR,48.78200892857143,2018-2,38,10,0,0
FR,48.18673387096774,2018-3,39,10,0,0
FR,33.53988888888889,2018-4,40,10,0,0
FR,34.49600806451613,2018-5,41,10,0,0
FR,42.2925,2018-6,42,10,0,0
FR,51.44169354838709,2018-7,43,10,0,0
FR,58.44997311827957,2018-8,44,10,0,0
FR,61.95325,2018-9,45,10,0,0
FR,65.64112903225806,2018-10,46,10,0,0
FR,67.80506944444444,2018-11,47,10,0,0
FR,54.88637096774194,2018-12,48,10,0,0
FR,61.150120967741934,2019-1,49,10,0,0
FR,46.609940476190474,2019-2,50,10,0,0
FR,33.847741935483874,2019-3,51,10,0,0
FR,38.09826388888889,2019-4,52,10,0,0
FR,37.20190860215054,2019-5,53,10,0,0
FR,29.244263888888888,2019-6,54,10,0,0
FR,37.69064516129032,2019-7,55,10,0,0
FR,33.36293010752688,2019-8,56,10,0,0
FR,35.55148611111111,2019-9,57,10,0,0
FR,38.61657258064516,2019-10,58,10,0,0
FR,45.945680555555555,2019-11,59,10,0,0
FR,36.46623655913979,2019-12,60,10,0,0
FR,37.96986559139785,2020-1,61,10,0,0
FR,26.249281609195403,2020-2,62,10,0,0
FR,23.83430107526882,2020-3,63,10,0,0
FR,13.406125,2020-4,64,10,0,0
FR,14.874408602150538,2020-5,65,10,0,0
FR,25.84883333333333,2020-6,66,10,0,0
FR,33.41922043010753,2020-7,67,10,0,0
FR,36.763494623655916,2020-8,68,10,0,0
FR,47.190375,2020-9,69,10,0,0
FR,37.87383064516129,2020-10,70,10,0,0
FR,40.14140277777778,2020-11,71,10,0,0
FR,48.422620967741935,2020-12,72,10,0,0
FR,59.466975806451615,2021-1,73,10,0,0
FR,49.013645833333335,2021-2,74,10,0,0
FR,50.22795698924731,2021-3,75,10,0,0
FR,63.14798611111111,2021-4,76,10,0,0
FR,55.25981182795699,2021-5,77,10,0,0
FR,73.56091666666667,2021-6,78,10,0,0
FR,78.30715053763441,2021-7,79,10,0,0
FR,77.40415322580645,2021-8,80,10,0,0
FR,135.30443055555554,2021-9,81,10,0,0
FR,172.53745967741935,2021-10,82,10,0,0
FR,217.24170833333332,2021-11,83,10,0,0
FR,274.5094892473118,2021-12,84,10,0,0
FR,211.58327956989248,2022-1,85,10,0,0
FR,185.62595238095238,2022-2,86,10,0,0
FR,295.1747446236559,2022-3,87,10,0,0
FR,232.9195,2022-4,88,10,0,0
FR,197.46004032258065,2022-5,89,10,0,0
FR,248.73279166666666,2022-6,90,10,1,0
FR,400.9499059139785,2022-7,91,10,1,0
FR,492.99201612903227,2022-8,92,10,1,0
FR,393.54670833333336,2022-9,93,10,1,0
FR,178.88595430107526,2022-10,94,10,1,0
FR,192.15583333333333,2022-11,95,10,1,0
FR,270.5002168069191,2022-12,96,10,1,0
GR,56.534993279569896,2015-1,1,11,0,0
GR,54.47723214285714,2015-2,2,11,0,0
GR,50.764422043010754,2015-3,3,11,0,0
GR,45.93682638888889,2015-4,4,11,0,0
GR,46.68662634408602,2015-5,5,11,0,0
GR,47.68546527777778,2015-6,6,11,0,0
GR,58.30291666666667,2015-7,7,11,0,0
GR,51.59751344086021,2015-8,8,11,0,0
GR,48.76369444444445,2015-9,9,11,0,0
GR,46.4034811827957,2015-10,10,11,0,0
GR,49.485729166666665,2015-11,11,11,0,0
GR,51.74013440860215,2015-12,12,11,0,0
GR,44.448676075268814,2016-1,13,11,0,0
GR,39.61632183908046,2016-2,14,11,0,0
GR,37.12945564516129,2016-3,15,11,0,0
GR,35.61920833333333,2016-4,16,11,0,0
GR,39.22487231182796,2016-5,17,11,0,0
GR,40.816229166666666,2016-6,18,11,0,0
GR,41.69782930107527,2016-7,19,11,0,0
GR,37.07530241935484,2016-8,20,11,0,0
GR,39.355111111111114,2016-9,21,11,0,0
GR,44.8873185483871,2016-10,22,11,0,0
GR,47.92658333333333,2016-11,23,11,0,0
GR,51.30188844086022,2016-12,24,11,0,0
GR,66.79422715053764,2017-1,25,11,0,0
GR,53.91354166666667,2017-2,26,11,0,0
GR,44.63180107526882,2017-3,27,11,0,0
GR,43.31540277777778,2017-4,28,11,0,0
GR,44.409912634408606,2017-5,29,11,0,0
GR,48.87797916666667,2017-6,30,11,0,0
GR,49.70130376344086,2017-7,31,11,0,0
GR,50.026639784946234,2017-8,32,11,0,0
GR,49.68539583333333,2017-9,33,11,0,0
GR,52.09502688172043,2017-10,34,11,0,0
GR,65.11418055555556,2017-11,35,11,0,0
GR,57.28861559139785,2017-12,36,11,0,0
GR,53.49130376344086,2018-1,37,11,0,0
GR,51.62471726190476,2018-2,38,11,0,0
GR,44.229811827956986,2018-3,39,11,0,0
GR,50.414791666666666,2018-4,40,11,0,0
GR,56.361612903225804,2018-5,41,11,0,0
GR,60.68075,2018-6,42,11,0,0
GR,64.44438172043012,2018-7,43,11,0,0
GR,63.837674731182794,2018-8,44,11,0,0
GR,67.05529166666666,2018-9,45,11,0,0
GR,71.42655913978494,2018-10,46,11,0,0
GR,69.29530555555556,2018-11,47,11,0,0
GR,71.2541129032258,2018-12,48,11,0,0
GR,75.25135752688172,2019-1,49,11,0,0
GR,69.01886904761905,2019-2,50,11,0,0
GR,59.85377688172043,2019-3,51,11,0,0
GR,62.386375,2019-4,52,11,0,0
GR,65.95615591397849,2019-5,53,11,0,0
GR,68.08994444444444,2019-6,54,11,0,0
GR,62.18965053763441,2019-7,55,11,0,0
GR,63.982405913978496,2019-8,56,11,0,0
GR,60.951625,2019-9,57,11,0,0
GR,63.284838709677416,2019-10,58,11,0,0
GR,55.352694444444445,2019-11,59,11,0,0
GR,59.703951612903225,2019-12,60,11,0,0
GR,58.388306451612905,2020-1,61,11,0,0
GR,49.16942528735632,2020-2,62,11,0,0
GR,43.599233870967744,2020-3,63,11,0,0
GR,28.47676388888889,2020-4,64,11,0,0
GR,34.269569892473115,2020-5,65,11,0,0
GR,34.08576388888889,2020-6,66,11,0,0
GR,41.17135752688172,2020-7,67,11,0,0
GR,46.18119623655914,2020-8,68,11,0,0
GR,46.52484722222222,2020-9,69,11,0,0
GR,47.319610215053764,2020-10,70,11,0,0
GR,52.572541666666666,2020-11,71,11,0,0
GR,59.003077956989245,2020-12,72,11,0,0
GR,52.50677419354839,2021-1,73,11,0,0
GR,50.366458333333334,2021-2,74,11,0,0
GR,57.64041666666667,2021-3,75,11,0,0
GR,64.20118055555555,2021-4,76,11,0,0
GR,63.185456989247314,2021-5,77,11,0,0
GR,83.5325,2021-6,78,11,0,0
GR,102.03260752688172,2021-7,79,11,0,0
GR,121.60737903225807,2021-8,80,11,0,0
GR,134.719625,2021-9,81,11,0,0
GR,198.5222311827957,2021-10,82,11,0,0
GR,228.88356944444445,2021-11,83,11,0,0
GR,235.3640188172043,2021-12,84,11,0,0
GR,227.35110215053763,2022-1,85,11,0,0
GR,211.72837797619047,2022-2,86,11,0,0
GR,272.31896505376346,2022-3,87,11,0,0
GR,246.9095,2022-4,88,11,0,0
GR,225.0738575268817,2022-5,89,11,0,0
GR,240.82954166666667,2022-6,90,11,1,0
GR,338.3160349462366,2022-7,91,11,1,0
GR,436.7618010752688,2022-8,92,11,1,0
GR,416.40745833333335,2022-9,93,11,1,0
GR,232.15522849462366,2022-10,94,11,1,0
GR,227.84381944444445,2022-11,95,11,1,0
GR,277.1440175953079,2022-12,96,11,1,0
HR,NA,2015-1,1,12,0,0
HR,NA,2015-2,2,12,0,0
HR,NA,2015-3,3,12,0,0
HR,NA,2015-4,4,12,0,0
HR,NA,2015-5,5,12,0,0
HR,NA,2015-6,6,12,0,0
HR,NA,2015-7,7,12,0,0
HR,NA,2015-8,8,12,0,0
HR,NA,2015-9,9,12,0,0
HR,NA,2015-10,10,12,0,0
HR,NA,2015-11,11,12,0,0
HR,NA,2015-12,12,12,0,0
HR,NA,2016-1,13,12,0,0
HR,NA,2016-2,14,12,0,0
HR,NA,2016-3,15,12,0,0
HR,NA,2016-4,16,12,0,0
HR,NA,2016-5,17,12,0,0
HR,NA,2016-6,18,12,0,0
HR,NA,2016-7,19,12,0,0
HR,NA,2016-8,20,12,0,0
HR,NA,2016-9,21,12,0,0
HR,NA,2016-10,22,12,0,0
HR,NA,2016-11,23,12,0,0
HR,NA,2016-12,24,12,0,0
HR,NA,2017-1,25,12,0,0
HR,NA,2017-2,26,12,0,0
HR,NA,2017-3,27,12,0,0
HR,NA,2017-4,28,12,0,0
HR,NA,2017-5,29,12,0,0
HR,NA,2017-6,30,12,0,0
HR,NA,2017-7,31,12,0,0
HR,NA,2017-8,32,12,0,0
HR,NA,2017-9,33,12,0,0
HR,52.87291666666667,2017-10,34,12,0,0
HR,60.92201388888889,2017-11,35,12,0,0
HR,42.42556451612903,2017-12,36,12,0,0
HR,37.992620967741935,2018-1,37,12,0,0
HR,44.86776785714286,2018-2,38,12,0,0
HR,44.65720430107527,2018-3,39,12,0,0
HR,34.13822222222222,2018-4,40,12,0,0
HR,42.157405913978494,2018-5,41,12,0,0
HR,51.753347222222224,2018-6,42,12,0,0
HR,51.53620967741936,2018-7,43,12,0,0
HR,60.84747311827957,2018-8,44,12,0,0
HR,64.15606944444444,2018-9,45,12,0,0
HR,64.09689516129032,2018-10,46,12,0,0
HR,63.30130555555556,2018-11,47,12,0,0
HR,63.57536290322581,2018-12,48,12,0,0
HR,69.32004032258065,2019-1,49,12,0,0
HR,49.72550595238095,2019-2,50,12,0,0
HR,39.561344086021506,2019-3,51,12,0,0
HR,45.63151388888889,2019-4,52,12,0,0
HR,41.4666935483871,2019-5,53,12,0,0
HR,40.41325,2019-6,54,12,0,0
HR,53.013225806451615,2019-7,55,12,0,0
HR,55.882674731182796,2019-8,56,12,0,0
HR,55.38973611111111,2019-9,57,12,0,0
HR,55.349180107526884,2019-10,58,12,0,0
HR,45.15752777777778,2019-11,59,12,0,0
HR,40.10505376344086,2019-12,60,12,0,0
HR,51.315470430107524,2020-1,61,12,0,0
HR,39.58922413793103,2020-2,62,12,0,0
HR,29.406720430107526,2020-3,63,12,0,0
HR,23.968541666666667,2020-4,64,12,0,0
HR,22.429287634408603,2020-5,65,12,0,0
HR,28.822708333333335,2020-6,66,12,0,0
HR,35.42653225806452,2020-7,67,12,0,0
HR,38.147056451612904,2020-8,68,12,0,0
HR,45.848708333333335,2020-9,69,12,0,0
HR,38.56336021505376,2020-10,70,12,0,0
HR,47.225138888888885,2020-11,71,12,0,0
HR,55.56233870967742,2020-12,72,12,0,0
HR,53.873655913978496,2021-1,73,12,0,0
HR,50.37691964285714,2021-2,74,12,0,0
HR,55.94255376344086,2021-3,75,12,0,0
HR,64.51081944444445,2021-4,76,12,0,0
HR,59.87913978494624,2021-5,77,12,0,0
HR,78.46841666666667,2021-6,78,12,0,0
HR,93.68086021505376,2021-7,79,12,0,0
HR,105.62551075268817,2021-8,80,12,0,0
HR,138.6015277777778,2021-9,81,12,0,0
HR,202.73137096774192,2021-10,82,12,0,0
HR,215.9598611111111,2021-11,83,12,0,0
HR,251.75747311827956,2021-12,84,12,0,0
HR,206.90349462365592,2022-1,85,12,0,0
HR,195.50090773809524,2022-2,86,12,0,0
HR,293.43698924731183,2022-3,87,12,0,0
HR,192.68759722222222,2022-4,88,12,0,0
HR,202.06291666666667,2022-5,89,12,0,0
HR,245.58370833333333,2022-6,90,12,1,0
HR,375.5646370967742,2022-7,91,12,1,0
HR,494.04702956989246,2022-8,92,12,1,0
HR,391.7279305555556,2022-9,93,12,1,0
HR,196.6921505376344,2022-10,94,12,1,0
HR,219.65516666666667,2022-11,95,12,1,0
HR,246.3679961430575,2022-12,96,12,1,0
HU,42.15952956989247,2015-1,1,13,0,0
HU,41.271815476190476,2015-2,2,13,0,0
HU,35.63932795698925,2015-3,3,13,0,0
HU,34.109069444444444,2015-4,4,13,0,0
HU,29.6269623655914,2015-5,5,13,0,0
HU,33.94768055555556,2015-6,6,13,0,0
HU,52.3470564516129,2015-7,7,13,0,0
HU,42.56165322580645,2015-8,8,13,0,0
HU,47.53463888888889,2015-9,9,13,0,0
HU,44.12583333333333,2015-10,10,13,0,0
HU,41.51386111111111,2015-11,11,13,0,0
HU,42.27908602150538,2015-12,12,13,0,0
HU,43.09215053763441,2016-1,13,13,0,0
HU,26.404655172413793,2016-2,14,13,0,0
HU,25.837311827956988,2016-3,15,13,0,0
HU,29.172819444444443,2016-4,16,13,0,0
HU,27.173279569892472,2016-5,17,13,0,0
HU,32.77625,2016-6,18,13,0,0
HU,35.156397849462365,2016-7,19,13,0,0
HU,33.010846774193546,2016-8,20,13,0,0
HU,36.48486111111111,2016-9,21,13,0,0
HU,45.60057795698925,2016-10,22,13,0,0
HU,40.63579166666667,2016-11,23,13,0,0
HU,49.17108870967742,2016-12,24,13,0,0
HU,81.23326612903226,2017-1,25,13,0,0
HU,55.56427083333333,2017-2,26,13,0,0
HU,37.90963709677419,2017-3,27,13,0,0
HU,39.607638888888886,2017-4,28,13,0,0
HU,42.78930107526882,2017-5,29,13,0,0
HU,43.92498611111111,2017-6,30,13,0,0
HU,51.88361559139785,2017-7,31,13,0,0
HU,58.26518817204301,2017-8,32,13,0,0
HU,42.843986111111114,2017-9,33,13,0,0
HU,49.7490188172043,2017-10,34,13,0,0
HU,60.47858333333333,2017-11,35,13,0,0
HU,39.97646505376344,2017-12,36,13,0,0
HU,36.308104838709674,2018-1,37,13,0,0
HU,41.66363095238095,2018-2,38,13,0,0
HU,40.39893817204301,2018-3,39,13,0,0
HU,31.87173611111111,2018-4,40,13,0,0
HU,42.2744623655914,2018-5,41,13,0,0
HU,51.255472222222224,2018-6,42,13,0,0
HU,50.987016129032256,2018-7,43,13,0,0
HU,60.47731182795699,2018-8,44,13,0,0
HU,62.89811111111111,2018-9,45,13,0,0
HU,64.49299731182795,2018-10,46,13,0,0
HU,63.68988888888889,2018-11,47,13,0,0
HU,65.04818548387097,2018-12,48,13,0,0
HU,73.22564516129032,2019-1,49,13,0,0
HU,49.53610119047619,2019-2,50,13,0,0
HU,39.689354838709676,2019-3,51,13,0,0
HU,46.480583333333335,2019-4,52,13,0,0
HU,42.121868279569895,2019-5,53,13,0,0
HU,41.30675,2019-6,54,13,0,0
HU,54.99909946236559,2019-7,55,13,0,0
HU,58.7089247311828,2019-8,56,13,0,0
HU,55.69244444444444,2019-9,57,13,0,0
HU,56.93733870967742,2019-10,58,13,0,0
HU,43.92948611111111,2019-11,59,13,0,0
HU,41.077298387096775,2019-12,60,13,0,0
HU,52.96469086021505,2020-1,61,13,0,0
HU,39.83551724137931,2020-2,62,13,0,0
HU,29.749556451612904,2020-3,63,13,0,0
HU,25.32397222222222,2020-4,64,13,0,0
HU,23.574583333333333,2020-5,65,13,0,0
HU,30.016083333333334,2020-6,66,13,0,0
HU,36.68809139784946,2020-7,67,13,0,0
HU,37.62548387096774,2020-8,68,13,0,0
HU,45.71933333333333,2020-9,69,13,0,0
HU,39.32459677419355,2020-10,70,13,0,0
HU,48.91661111111111,2020-11,71,13,0,0
HU,58.18676075268817,2020-12,72,13,0,0
HU,56.39081989247312,2021-1,73,13,0,0
HU,50.863080357142856,2021-2,74,13,0,0
HU,55.04787634408602,2021-3,75,13,0,0
HU,62.97297222222222,2021-4,76,13,0,0
HU,59.939301075268816,2021-5,77,13,0,0
HU,77.93801388888889,2021-6,78,13,0,0
HU,95.14994623655915,2021-7,79,13,0,0
HU,109.05923387096774,2021-8,80,13,0,0
HU,135.12931944444443,2021-9,81,13,0,0
HU,197.2924193548387,2021-10,82,13,0,0
HU,215.91033333333334,2021-11,83,13,0,0
HU,245.7014112903226,2021-12,84,13,0,0
HU,204.9219623655914,2022-1,85,13,0,0
HU,194.2933630952381,2022-2,86,13,0,0
HU,285.2258870967742,2022-3,87,13,0,0
HU,189.45218055555554,2022-4,88,13,0,0
HU,204.8667876344086,2022-5,89,13,0,0
HU,237.06476388888888,2022-6,90,13,1,0
HU,371.23219086021504,2022-7,91,13,1,0
HU,495.65235215053764,2022-8,92,13,1,0
HU,390.41516666666666,2022-9,93,13,1,0
HU,193.91407258064515,2022-10,94,13,1,0
HU,223.0082361111111,2022-11,95,13,1,0
HU,260.80428003740064,2022-12,96,13,1,0
IT,52.09280462184874,2015-1,1,14,0,0
IT,53.90392156862745,2015-2,2,14,0,0
IT,48.822709519291585,2015-3,3,14,0,0
IT,47.242023692810456,2015-4,4,14,0,0
IT,48.804433902593296,2015-5,5,14,0,0
IT,48.75864460784314,2015-6,6,14,0,0
IT,65.92210863377609,2015-7,7,14,0,0
IT,53.54026644528779,2015-8,8,14,0,0
IT,128.84712173202615,2015-9,9,14,0,0
IT,107.33966592873709,2015-10,10,14,0,0
IT,54.302103758169935,2015-11,11,14,0,0
IT,54.539986559139784,2015-12,12,14,0,0
IT,44.66423149905123,2016-1,13,14,0,0
IT,36.786046315077755,2016-2,14,14,0,0
IT,35.099233870967744,2016-3,15,14,0,0
IT,32.397540849673206,2016-4,16,14,0,0
IT,120.3289927261227,2016-5,17,14,0,0
IT,111.47830718954248,2016-6,18,14,0,0
IT,43.137246995572426,2016-7,19,14,0,0
IT,37.756993991144846,2016-8,20,14,0,0
IT,42.63636437908497,2016-9,21,14,0,0
IT,69.12694655281467,2016-10,22,14,0,0
IT,56.021598474945534,2016-11,23,14,0,0
IT,54.49296410499684,2016-12,24,14,0,0
IT,67.26057716635042,2017-1,25,14,0,0
IT,54.35309086134454,2017-2,26,14,0,0
IT,48.75000474383302,2017-3,27,14,0,0
IT,43.643737745098036,2017-4,28,14,0,0
IT,44.15365117014548,2017-5,29,14,0,0
IT,48.73454901960784,2017-6,30,14,0,0
IT,54.66109898798229,2017-7,31,14,0,0
IT,56.16652909550917,2017-8,32,14,0,0
IT,121.82910702614379,2017-9,33,14,0,0
IT,124.90460863377609,2017-10,34,14,0,0
IT,63.37451225490196,2017-11,35,14,0,0
IT,63.777345232447814,2017-12,36,14,0,0
IT,50.08777777777778,2018-1,37,14,0,0
IT,56.85226314484127,2018-2,38,14,0,0
IT,54.560871415770606,2018-3,39,14,0,0
IT,50.855041666666665,2018-4,40,14,0,0
IT,55.99195788530466,2018-5,41,14,0,0
IT,61.398571759259255,2018-6,42,14,0,0
IT,65.01520497311829,2018-7,43,14,0,0
IT,70.42171258960573,2018-8,44,14,0,0
IT,119.44148148148147,2018-9,45,14,0,0
IT,86.16363463261649,2018-10,46,14,0,0
IT,65.7790636574074,2018-11,47,14,0,0
IT,67.43972222222222,2018-12,48,14,0,0
IT,66.99683243727598,2019-1,49,14,0,0
IT,57.30772156084656,2019-2,50,14,0,0
IT,51.48547192353644,2019-3,51,14,0,0
IT,53.53462962962963,2019-4,52,14,0,0
IT,51.55408602150538,2019-5,53,14,0,0
IT,53.5872700617284,2019-6,54,14,0,0
IT,53.836182795698925,2019-7,55,14,0,0
IT,53.45841696535245,2019-8,56,14,0,0
IT,147.68968827160495,2019-9,57,14,0,0
IT,68.51829898446834,2019-10,58,14,0,0
IT,48.65963580246913,2019-11,59,14,0,0
IT,44.50483572281959,2019-12,60,14,0,0
IT,48.91297192353644,2020-1,61,14,0,0
IT,39.84420498084291,2020-2,62,14,0,0
IT,56.6827688172043,2020-3,63,14,0,0
IT,24.999547839506175,2020-4,64,14,0,0
IT,23.14751045400239,2020-5,65,14,0,0
IT,28.276052469135802,2020-6,66,14,0,0
IT,43.41990740740741,2020-7,67,14,0,0
IT,41.838266129032256,2020-8,68,14,0,0
IT,157.64155555555556,2020-9,69,14,0,0
IT,45.37372311827957,2020-10,70,14,0,0
IT,50.202839506172836,2020-11,71,14,0,0
IT,53.79403225806452,2020-12,72,14,0,0
IT,63.242677718040625,2021-1,73,14,0,0
IT,55.36562665343915,2021-2,74,14,0,0
IT,60.504523596176824,2021-3,75,14,0,0
IT,68.6649799382716,2021-4,76,14,0,0
IT,69.71043757467145,2021-5,77,14,0,0
IT,87.0220462962963,2021-6,78,14,0,0
IT,104.94241636798088,2021-7,79,14,0,0
IT,116.33962813620072,2021-8,80,14,0,0
IT,172.23862654320988,2021-9,81,14,0,0
IT,298.8567667264038,2021-10,82,14,0,0
IT,228.19859722222222,2021-11,83,14,0,0
IT,274.9178285543608,2021-12,84,14,0,0
IT,222.91262992831543,2022-1,85,14,0,0
IT,210.82382605820106,2022-2,86,14,0,0
IT,303.8761155913978,2022-3,87,14,0,0
IT,242.5861111111111,2022-4,88,14,0,0
IT,230.54386051373956,2022-5,89,14,0,0
IT,269.4753950617284,2022-6,90,14,1,0
IT,432.2043100358423,2022-7,91,14,1,0
IT,529.1871251493429,2022-8,92,14,1,0
IT,470.7768024691358,2022-9,93,14,1,0
IT,316.704640083632,2022-10,94,14,1,0
IT,218.86846450617284,2022-11,95,14,1,0
IT,282.0169781439925,2022-12,96,14,1,0
LT,39.77708333333333,2015-1,1,15,0,0
LT,39.44267857142857,2015-2,2,15,0,0
LT,32.20712365591398,2015-3,3,15,0,0
LT,35.60827777777778,2015-4,4,15,0,0
LT,37.3527688172043,2015-5,5,15,0,0
LT,42.77984722222222,2015-6,6,15,0,0
LT,44.2484811827957,2015-7,7,15,0,0
LT,46.44384408602151,2015-8,8,15,0,0
LT,44.27368055555556,2015-9,9,15,0,0
LT,56.515040322580646,2015-10,10,15,0,0
LT,45.836333333333336,2015-11,11,15,0,0
LT,38.354838709677416,2015-12,12,15,0,0
LT,50.306424731182794,2016-1,13,15,0,0
LT,29.648764367816092,2016-2,14,15,0,0
LT,30.793521505376344,2016-3,15,15,0,0
LT,33.037277777777774,2016-4,16,15,0,0
LT,32.868897849462364,2016-5,17,15,0,0
LT,40.54430555555555,2016-6,18,15,0,0
LT,39.21520161290322,2016-7,19,15,0,0
LT,33.775739247311826,2016-8,20,15,0,0
LT,34.03622222222222,2016-9,21,15,0,0
LT,38.14244379276637,2016-10,22,15,0,0
LT,40.56554166666667,2016-11,23,15,0,0
LT,34.775524193548385,2016-12,24,15,0,0
LT,36.889717741935485,2017-1,25,15,0,0
LT,36.45037202380952,2017-2,26,15,0,0
LT,31.260322580645163,2017-3,27,15,0,0
LT,31.420833333333334,2017-4,28,15,0,0
LT,32.44956989247312,2017-5,29,15,0,0
LT,38.37034722222222,2017-6,30,15,0,0
LT,36.285564516129035,2017-7,31,15,0,0
LT,37.29784946236559,2017-8,32,15,0,0
LT,37.77925,2017-9,33,15,0,0
LT,34.35775537634409,2017-10,34,15,0,0
LT,36.19969444444445,2017-11,35,15,0,0
LT,33.05576612903226,2017-12,36,15,0,0
LT,37.61685483870968,2018-1,37,15,0,0
LT,43.508244047619044,2018-2,38,15,0,0
LT,46.07658602150538,2018-3,39,15,0,0
LT,40.1105,2018-4,40,15,0,0
LT,43.760336021505374,2018-5,41,15,0,0
LT,51.06301388888889,2018-6,42,15,0,0
LT,54.5677688172043,2018-7,43,15,0,0
LT,59.05193548387097,2018-8,44,15,0,0
LT,59.067750000000004,2018-9,45,15,0,0
LT,55.69630376344086,2018-10,46,15,0,0
LT,55.42241666666667,2018-11,47,15,0,0
LT,53.59676075268817,2018-12,48,15,0,0
LT,56.529825268817206,2019-1,49,15,0,0
LT,46.953065476190474,2019-2,50,15,0,0
LT,39.96680107526882,2019-3,51,15,0,0
LT,43.444472222222224,2019-4,52,15,0,0
LT,44.13881720430108,2019-5,53,15,0,0
LT,44.67,2019-6,54,15,0,0
LT,48.986747311827955,2019-7,55,15,0,0
LT,49.338024193548385,2019-8,56,15,0,0
LT,48.804972222222226,2019-9,57,15,0,0
LT,46.98811827956989,2019-10,58,15,0,0
LT,44.698972222222224,2019-11,59,15,0,0
LT,38.95915322580645,2019-12,60,15,0,0
LT,30.818655913978496,2020-1,61,15,0,0
LT,27.75889367816092,2020-2,62,15,0,0
LT,23.968010752688173,2020-3,63,15,0,0
LT,23.296083333333332,2020-4,64,15,0,0
LT,24.5152688172043,2020-5,65,15,0,0
LT,38.64425,2020-6,66,15,0,0
LT,31.77244623655914,2020-7,67,15,0,0
LT,43.347150537634406,2020-8,68,15,0,0
LT,39.43633333333333,2020-9,69,15,0,0
LT,37.75985215053763,2020-10,70,15,0,0
LT,41.185402777777774,2020-11,71,15,0,0
LT,45.755940860215055,2020-12,72,15,0,0
LT,53.65866935483871,2021-1,73,15,0,0
LT,59.276473214285716,2021-2,74,15,0,0
LT,47.99090053763441,2021-3,75,15,0,0
LT,44.810375,2021-4,76,15,0,0
LT,50.37858870967742,2021-5,77,15,0,0
LT,77.78602777777778,2021-6,78,15,0,0
LT,88.2491935483871,2021-7,79,15,0,0
LT,87.85059139784946,2021-8,80,15,0,0
LT,123.93326388888889,2021-9,81,15,0,0
LT,108.91602150537635,2021-10,82,15,0,0
LT,127.91077777777778,2021-11,83,15,0,0
LT,212.11133064516127,2021-12,84,15,0,0
LT,146.01452956989246,2022-1,85,15,0,0
LT,104.66544642857143,2022-2,86,15,0,0
LT,170.0631317204301,2022-3,87,15,0,0
LT,116.51902777777778,2022-4,88,15,0,0
LT,164.861061827957,2022-5,89,15,0,0
LT,223.382875,2022-6,90,15,1,0
LT,305.3799059139785,2022-7,91,15,1,0
LT,480.5012365591398,2022-8,92,15,1,0
LT,359.38065277777775,2022-9,93,15,1,0
LT,189.21139784946237,2022-10,94,15,1,0
LT,226.86859722222223,2022-11,95,15,1,0
LT,263.9084408602151,2022-12,96,15,1,0
LU,30.748883928571427,2015-1,1,16,0,0
LU,36.694181547619046,2015-2,2,16,0,0
LU,31.297836021505375,2015-3,3,16,0,0
LU,29.77859722222222,2015-4,4,16,0,0
LU,25.330389784946238,2015-5,5,16,0,0
LU,30.10973611111111,2015-6,6,16,0,0
LU,34.979677419354836,2015-7,7,16,0,0
LU,31.61340053763441,2015-8,8,16,0,0
LU,31.88861111111111,2015-9,9,16,0,0
LU,39.368897849462364,2015-10,10,16,0,0
LU,32.381680555555555,2015-11,11,16,0,0
LU,27.785564516129032,2015-12,12,16,0,0
LU,29.02537634408602,2016-1,13,16,0,0
LU,21.998419540229886,2016-2,14,16,0,0
LU,24.299059139784944,2016-3,15,16,0,0
LU,24.210125,2016-4,16,16,0,0
LU,22.550860215053763,2016-5,17,16,0,0
LU,27.704638888888887,2016-6,18,16,0,0
LU,27.181115591397848,2016-7,19,16,0,0
LU,27.18172043010753,2016-8,20,16,0,0
LU,30.51076388888889,2016-9,21,16,0,0
LU,37.14176075268817,2016-10,22,16,0,0
LU,38.21348611111111,2016-11,23,16,0,0
LU,37.47005376344086,2016-12,24,16,0,0
LU,52.40514784946237,2017-1,25,16,0,0
LU,39.68098214285714,2017-2,26,16,0,0
LU,31.69116935483871,2017-3,27,16,0,0
LU,28.721180555555556,2017-4,28,16,0,0
LU,30.61010752688172,2017-5,29,16,0,0
LU,30.004180555555557,2017-6,30,16,0,0
LU,33.00557795698925,2017-7,31,16,0,0
LU,30.855887096774193,2017-8,32,16,0,0
LU,34.298097222222225,2017-9,33,16,0,0
LU,28.288655913978495,2017-10,34,16,0,0
LU,40.379,2017-11,35,16,0,0
LU,30.710497311827957,2017-12,36,16,0,0
LU,29.500860215053763,2018-1,37,16,0,0
LU,40.12276785714286,2018-2,38,16,0,0
LU,37.35938172043011,2018-3,39,16,0,0
LU,31.96075,2018-4,40,16,0,0
LU,33.65854838709677,2018-5,41,16,0,0
LU,42.39336111111111,2018-6,42,16,0,0
LU,49.58970430107527,2018-7,43,16,0,0
LU,56.215537634408605,2018-8,44,16,0,0
LU,54.835,2018-9,45,16,0,0
LU,53.08212365591398,2018-10,46,16,0,0
LU,56.68083333333333,2018-11,47,16,0,0
LU,48.110604838709676,2018-12,48,16,0,0
LU,49.413844086021506,2019-1,49,16,0,0
LU,42.814613095238094,2019-2,50,16,0,0
LU,30.614852150537633,2019-3,51,16,0,0
LU,36.97281944444445,2019-4,52,16,0,0
LU,37.83208333333333,2019-5,53,16,0,0
LU,32.50445833333333,2019-6,54,16,0,0
LU,39.71306451612903,2019-7,55,16,0,0
LU,36.81869623655914,2019-8,56,16,0,0
LU,35.76566666666667,2019-9,57,16,0,0
LU,36.94754032258064,2019-10,58,16,0,0
LU,41.00483333333333,2019-11,59,16,0,0
LU,31.970618279569894,2019-12,60,16,0,0
LU,34.97870967741935,2020-1,61,16,0,0
LU,21.91183908045977,2020-2,62,16,0,0
LU,22.519314516129032,2020-3,63,16,0,0
LU,17.049194444444446,2020-4,64,16,0,0
LU,17.604879032258065,2020-5,65,16,0,0
LU,26.229166666666668,2020-6,66,16,0,0
LU,30.07494623655914,2020-7,67,16,0,0
LU,34.88970430107527,2020-8,68,16,0,0
LU,43.67809722222222,2020-9,69,16,0,0
LU,33.955900537634406,2020-10,70,16,0,0
LU,38.79651388888889,2020-11,71,16,0,0
LU,43.54505376344086,2020-12,72,16,0,0
LU,52.793198924731186,2021-1,73,16,0,0
LU,48.70690476190476,2021-2,74,16,0,0
LU,47.18168010752688,2021-3,75,16,0,0
LU,53.657152777777775,2021-4,76,16,0,0
LU,53.33150537634408,2021-5,77,16,0,0
LU,74.13072222222222,2021-6,78,16,0,0
LU,81.29489247311828,2021-7,79,16,0,0
LU,82.81185483870968,2021-8,80,16,0,0
LU,128.33577777777776,2021-9,81,16,0,0
LU,139.54338709677418,2021-10,82,16,0,0
LU,176.2458472222222,2021-11,83,16,0,0
LU,220.95662634408603,2021-12,84,16,0,0
LU,167.8745564516129,2022-1,85,16,0,0
LU,128.7774107142857,2022-2,86,16,0,0
LU,251.75978494623655,2022-3,87,16,0,0
LU,166.00181944444444,2022-4,88,16,0,0
LU,177.50618279569892,2022-5,89,16,0,0
LU,218.1820138888889,2022-6,90,16,1,0
LU,315.2624865591398,2022-7,91,16,1,0
LU,465.51416666666665,2022-8,92,16,1,0
LU,344.9385555555556,2022-9,93,16,1,0
LU,152.7453494623656,2022-10,94,16,1,0
LU,173.928,2022-11,95,16,1,0
LU,251.22273492286115,2022-12,96,16,1,0
LV,39.77612903225806,2015-1,1,17,0,0
LV,39.43528273809524,2015-2,2,17,0,0
LV,32.20712365591398,2015-3,3,17,0,0
LV,34.80766666666667,2015-4,4,17,0,0
LV,37.3527688172043,2015-5,5,17,0,0
LV,42.77984722222222,2015-6,6,17,0,0
LV,44.2484811827957,2015-7,7,17,0,0
LV,46.44384408602151,2015-8,8,17,0,0
LV,44.27368055555556,2015-9,9,17,0,0
LV,56.515040322580646,2015-10,10,17,0,0
LV,45.75048611111111,2015-11,11,17,0,0
LV,38.352755376344085,2015-12,12,17,0,0
LV,50.006155913978496,2016-1,13,17,0,0
LV,29.648764367816092,2016-2,14,17,0,0
LV,29.85462365591398,2016-3,15,17,0,0
LV,30.712694444444445,2016-4,16,17,0,0
LV,32.68091397849462,2016-5,17,17,0,0
LV,40.54430555555555,2016-6,18,17,0,0
LV,38.30860215053763,2016-7,19,17,0,0
LV,33.76245967741936,2016-8,20,17,0,0
LV,34.03622222222222,2016-9,21,17,0,0
LV,38.50693548387097,2016-10,22,17,0,0
LV,40.46516666666667,2016-11,23,17,0,0
LV,34.16829301075269,2016-12,24,17,0,0
LV,35.147352150537635,2017-1,25,17,0,0
LV,36.25924107142857,2017-2,26,17,0,0
LV,30.647056451612904,2017-3,27,17,0,0
LV,31.412625,2017-4,28,17,0,0
LV,32.44956989247312,2017-5,29,17,0,0
LV,38.37034722222222,2017-6,30,17,0,0
LV,36.285564516129035,2017-7,31,17,0,0
LV,37.327728494623656,2017-8,32,17,0,0
LV,37.681263888888886,2017-9,33,17,0,0
LV,33.711317204301075,2017-10,34,17,0,0
LV,34.87173611111111,2017-11,35,17,0,0
LV,32.25639784946237,2017-12,36,17,0,0
LV,37.58540322580645,2018-1,37,17,0,0
LV,43.49924107142857,2018-2,38,17,0,0
LV,46.0766935483871,2018-3,39,17,0,0
LV,39.962833333333336,2018-4,40,17,0,0
LV,43.760336021505374,2018-5,41,17,0,0
LV,50.92294444444445,2018-6,42,17,0,0
LV,54.56712365591398,2018-7,43,17,0,0
LV,59.06725806451613,2018-8,44,17,0,0
LV,58.95390277777778,2018-9,45,17,0,0
LV,55.05814516129032,2018-10,46,17,0,0
LV,55.24605555555556,2018-11,47,17,0,0
LV,53.60317204301075,2018-12,48,17,0,0
LV,56.65166666666667,2019-1,49,17,0,0
LV,47.26474702380953,2019-2,50,17,0,0
LV,40.04616935483871,2019-3,51,17,0,0
LV,43.444472222222224,2019-4,52,17,0,0
LV,44.304798387096774,2019-5,53,17,0,0
LV,44.67,2019-6,54,17,0,0
LV,48.995658602150534,2019-7,55,17,0,0
LV,49.459637096774195,2019-8,56,17,0,0
LV,48.85715277777778,2019-9,57,17,0,0
LV,47.352728494623655,2019-10,58,17,0,0
LV,45.262930555555556,2019-11,59,17,0,0
LV,39.034569892473115,2019-12,60,17,0,0
LV,30.818655913978496,2020-1,61,17,0,0
LV,28.043721264367818,2020-2,62,17,0,0
LV,23.99258064516129,2020-3,63,17,0,0
LV,23.502861111111113,2020-4,64,17,0,0
LV,24.524381720430107,2020-5,65,17,0,0
LV,38.65497222222222,2020-6,66,17,0,0
LV,31.87467741935484,2020-7,67,17,0,0
LV,43.43560483870968,2020-8,68,17,0,0
LV,39.851375,2020-9,69,17,0,0
LV,37.75985215053763,2020-10,70,17,0,0
LV,41.095819444444444,2020-11,71,17,0,0
LV,44.866263440860216,2020-12,72,17,0,0
LV,53.55948924731183,2021-1,73,17,0,0
LV,59.119776785714286,2021-2,74,17,0,0
LV,43.508978494623655,2021-3,75,17,0,0
LV,43.68936111111111,2021-4,76,17,0,0
LV,48.36325268817205,2021-5,77,17,0,0
LV,76.35986111111112,2021-6,78,17,0,0
LV,88.2491935483871,2021-7,79,17,0,0
LV,87.4357123655914,2021-8,80,17,0,0
LV,123.47116666666666,2021-9,81,17,0,0
LV,106.40451612903226,2021-10,82,17,0,0
LV,125.48393055555556,2021-11,83,17,0,0
LV,207.2952016129032,2021-12,84,17,0,0
LV,143.96288978494624,2022-1,85,17,0,0
LV,104.6445238095238,2022-2,86,17,0,0
LV,167.13606182795698,2022-3,87,17,0,0
LV,109.45376388888889,2022-4,88,17,0,0
LV,164.3482123655914,2022-5,89,17,0,0
LV,218.51844444444444,2022-6,90,17,1,0
LV,304.97967741935486,2022-7,91,17,1,0
LV,467.0926344086022,2022-8,92,17,1,0
LV,351.47754166666664,2022-9,93,17,1,0
LV,189.16353494623655,2022-10,94,17,1,0
LV,226.67909722222223,2022-11,95,17,1,0
LV,263.53465053763443,2022-12,96,17,1,0
NL,40.936994047619045,2015-1,1,18,0,0
NL,46.37181547619048,2015-2,2,18,0,0
NL,42.178010752688174,2015-3,3,18,0,0
NL,41.401375,2015-4,4,18,0,0
NL,37.340430107526885,2015-5,5,18,0,0
NL,38.729305555555555,2015-6,6,18,0,0
NL,42.189086021505375,2015-7,7,18,0,0
NL,38.87486559139785,2015-8,8,18,0,0
NL,39.64731944444444,2015-9,9,18,0,0
NL,41.44602150537634,2015-10,10,18,0,0
NL,38.44047222222222,2015-11,11,18,0,0
NL,33.71368279569892,2015-12,12,18,0,0
NL,31.56125,2016-1,13,18,0,0
NL,25.200416666666666,2016-2,14,18,0,0
NL,26.1365188172043,2016-3,15,18,0,0
NL,25.319666666666667,2016-4,16,18,0,0
NL,27.197298387096772,2016-5,17,18,0,0
NL,32.59718055555555,2016-6,18,18,0,0
NL,33.073508064516126,2016-7,19,18,0,0
NL,28.35319892473118,2016-8,20,18,0,0
NL,32.8685,2016-9,21,18,0,0
NL,38.01377688172043,2016-10,22,18,0,0
NL,42.84636111111111,2016-11,23,18,0,0
NL,43.49858870967742,2016-12,24,18,0,0
NL,50.76208333333334,2017-1,25,18,0,0
NL,43.056934523809524,2017-2,26,18,0,0
NL,34.53407258064516,2017-3,27,18,0,0
NL,35.350027777777775,2017-4,28,18,0,0
NL,35.05588709677419,2017-5,29,18,0,0
NL,33.300111111111114,2017-6,30,18,0,0
NL,34.45940860215054,2017-7,31,18,0,0
NL,33.05638440860215,2017-8,32,18,0,0
NL,38.753569444444445,2017-9,33,18,0,0
NL,39.88364247311828,2017-10,34,18,0,0
NL,47.27226388888889,2017-11,35,18,0,0
NL,46.46823924731183,2017-12,36,18,0,0
NL,38.7980376344086,2018-1,37,18,0,0
NL,44.573794642857145,2018-2,38,18,0,0
NL,51.816599462365595,2018-3,39,18,0,0
NL,39.717819444444444,2018-4,40,18,0,0
NL,47.079327956989246,2018-5,41,18,0,0
NL,51.35966666666667,2018-6,42,18,0,0
NL,53.30377688172043,2018-7,43,18,0,0
NL,58.02063172043011,2018-8,44,18,0,0
NL,63.320236111111114,2018-9,45,18,0,0
NL,59.92595430107527,2018-10,46,18,0,0
NL,62.29018055555556,2018-11,47,18,0,0
NL,59.65654569892473,2018-12,48,18,0,0
NL,58.30049731182796,2019-1,49,18,0,0
NL,46.85010416666667,2019-2,50,18,0,0
NL,40.49920698924731,2019-3,51,18,0,0
NL,40.841541666666664,2019-4,52,18,0,0
NL,40.19094086021505,2019-5,53,18,0,0
NL,36.22925,2019-6,54,18,0,0
NL,39.61560483870968,2019-7,55,18,0,0
NL,37.41150537634409,2019-8,56,18,0,0
NL,36.58068055555555,2019-9,57,18,0,0
NL,37.95690860215054,2019-10,58,18,0,0
NL,42.71355555555556,2019-11,59,18,0,0
NL,37.399112903225806,2019-12,60,18,0,0
NL,37.07186827956989,2020-1,61,18,0,0
NL,29.550114942528737,2020-2,62,18,0,0
NL,24.745537634408603,2020-3,63,18,0,0
NL,18.965791666666668,2020-4,64,18,0,0
NL,17.666559139784948,2020-5,65,18,0,0
NL,26.256416666666667,2020-6,66,18,0,0
NL,29.350456989247313,2020-7,67,18,0,0
NL,34.065819892473115,2020-8,68,18,0,0
NL,42.602625,2020-9,69,18,0,0
NL,37.113965053763444,2020-10,70,18,0,0
NL,41.05136111111111,2020-11,71,18,0,0
NL,48.28125,2020-12,72,18,0,0
NL,53.6211559139785,2021-1,73,18,0,0
NL,49.234747023809526,2021-2,74,18,0,0
NL,48.89051075268817,2021-3,75,18,0,0
NL,53.869055555555555,2021-4,76,18,0,0
NL,56.11655913978495,2021-5,77,18,0,0
NL,76.50940277777778,2021-6,78,18,0,0
NL,82.5828629032258,2021-7,79,18,0,0
NL,86.6630376344086,2021-8,80,18,0,0
NL,136.38656944444443,2021-9,81,18,0,0
NL,163.8063306451613,2021-10,82,18,0,0
NL,186.29956944444444,2021-11,83,18,0,0
NL,237.80301075268818,2021-12,84,18,0,0
NL,189.23557795698926,2022-1,85,18,0,0
NL,168.291875,2022-2,86,18,0,0
NL,261.0312903225807,2022-3,87,18,0,0
NL,195.31241666666668,2022-4,88,18,0,0
NL,181.39770161290323,2022-5,89,18,0,0
NL,210.70393055555556,2022-6,90,18,1,0
NL,306.8632392473118,2022-7,91,18,1,0
NL,447.249623655914,2022-8,92,18,1,0
NL,340.894375,2022-9,93,18,1,0
NL,155.50997311827956,2022-10,94,18,1,0
NL,179.48052777777778,2022-11,95,18,1,0
NL,258.5244261337073,2022-12,96,18,1,0
NO,29.35657258064516,2015-1,1,19,0,0
NO,28.43484523809524,2015-2,2,19,0,0
NO,24.978505376344085,2015-3,3,19,0,0
NO,25.045011111111112,2015-4,4,19,0,0
NO,22.156422043010753,2015-5,5,19,0,0
NO,13.732516666666667,2015-6,6,19,0,0
NO,8.93655376344086,2015-7,7,19,0,0
NO,11.72786559139785,2015-8,8,19,0,0
NO,15.77975,2015-9,9,19,0,0
NO,21.413083333333333,2015-10,10,19,0,0
NO,24.06211111111111,2015-11,11,19,0,0
NO,17.805897849462365,2015-12,12,19,0,0
NO,27.61259946236559,2016-1,13,19,0,0
NO,19.1785,2016-2,14,19,0,0
NO,21.3605188172043,2016-3,15,19,0,0
NO,21.778194444444445,2016-4,16,19,0,0
NO,22.73127688172043,2016-5,17,19,0,0
NO,25.515444444444444,2016-6,18,19,0,0
NO,24.870569892473117,2016-7,19,19,0,0
NO,23.906475806451613,2016-8,20,19,0,0
NO,24.263891666666666,2016-9,21,19,0,0
NO,31.738629032258064,2016-10,22,19,0,0
NO,37.653525,2016-11,23,19,0,0
NO,31.012879032258063,2016-12,24,19,0,0
NO,29.527779569892473,2017-1,25,19,0,0
NO,31.111214285714286,2017-2,26,19,0,0
NO,29.6514811827957,2017-3,27,19,0,0
NO,28.64548611111111,2017-4,28,19,0,0
NO,27.826032258064515,2017-5,29,19,0,0
NO,23.680033333333334,2017-6,30,19,0,0
NO,24.630344086021505,2017-7,31,19,0,0
NO,25.726505376344086,2017-8,32,19,0,0
NO,30.219708333333333,2017-9,33,19,0,0
NO,27.862481182795698,2017-10,34,19,0,0
NO,31.54003888888889,2017-11,35,19,0,0
NO,30.569118279569892,2017-12,36,19,0,0
NO,32.067983870967744,2018-1,37,19,0,0
NO,38.31562797619048,2018-2,38,19,0,0
NO,43.66999462365592,2018-3,39,19,0,0
NO,38.974272222222226,2018-4,40,19,0,0
NO,33.72191129032258,2018-5,41,19,0,0
NO,44.82826111111111,2018-6,42,19,0,0
NO,51.684567204301075,2018-7,43,19,0,0
NO,50.90917741935484,2018-8,44,19,0,0
NO,47.147061111111114,2018-9,45,19,0,0
NO,42.049346774193545,2018-10,46,19,0,0
NO,47.48125,2018-11,47,19,0,0
NO,51.39089784946236,2018-12,48,19,0,0
NO,54.11555107526882,2019-1,49,19,0,0
NO,45.89747619047619,2019-2,50,19,0,0
NO,41.65231720430108,2019-3,51,19,0,0
NO,41.337047222222225,2019-4,52,19,0,0
NO,39.12015591397849,2019-5,53,19,0,0
NO,28.44440277777778,2019-6,54,19,0,0
NO,34.77731182795699,2019-7,55,19,0,0
NO,35.37893817204301,2019-8,56,19,0,0
NO,31.282116666666667,2019-9,57,19,0,0
NO,36.60954838709677,2019-10,58,19,0,0
NO,41.815425,2019-11,59,19,0,0
NO,37.02427150537634,2019-12,60,19,0,0
NO,24.149978494623657,2020-1,61,19,0,0
NO,12.932114942528736,2020-2,62,19,0,0
NO,8.416448924731183,2020-3,63,19,0,0
NO,4.697119444444445,2020-4,64,19,0,0
NO,7.809024193548387,2020-5,65,19,0,0
NO,2.1314583333333332,2020-6,66,19,0,0
NO,1.9094166666666668,2020-7,67,19,0,0
NO,4.669018817204301,2020-8,68,19,0,0
NO,9.097127777777777,2020-9,69,19,0,0
NO,12.102182795698925,2020-10,70,19,0,0
NO,4.886758333333333,2020-11,71,19,0,0
NO,17.51981182795699,2020-12,72,19,0,0
NO,44.99344086021505,2021-1,73,19,0,0
NO,47.46626488095238,2021-2,74,19,0,0
NO,34.838903225806455,2021-3,75,19,0,0
NO,37.606255555555556,2021-4,76,19,0,0
NO,42.825663978494624,2021-5,77,19,0,0
NO,40.516888888888886,2021-6,78,19,0,0
NO,47.2930188172043,2021-7,79,19,0,0
NO,63.11820698924731,2021-8,80,19,0,0
NO,84.4397412037037,2021-9,81,19,0,0
NO,74.07165098566308,2021-10,82,19,0,0
NO,84.98238425925926,2021-11,83,19,0,0
NO,137.82763888888888,2021-12,84,19,0,0
NO,102.18382840501792,2022-1,85,19,0,0
NO,85.7397693452381,2022-2,86,19,0,0
NO,134.2047020609319,2022-3,87,19,0,0
NO,131.2935324074074,2022-4,88,19,0,0
NO,112.93408826164874,2022-5,89,19,0,0
NO,112.61093055555556,2022-6,90,19,1,0
NO,142.5770564516129,2022-7,91,19,1,0
NO,267.9856294802867,2022-8,92,19,1,0
NO,252.9444513888889,2022-9,93,19,1,0
NO,94.38905689964157,2022-10,94,19,1,0
NO,90.48850925925926,2022-11,95,19,1,0
NO,217.1234574177965,2022-12,96,19,1,0
PL,36.49860160287654,2015-1,1,20,0,0
PL,39.146217597156884,2015-2,2,20,0,0
PL,35.311601331267084,2015-3,3,20,0,0
PL,37.428863495637486,2015-4,4,20,0,0
PL,40.79476628540305,2015-5,5,20,0,0
PL,40.501355936819174,2015-6,6,20,0,0
PL,41.94623650643053,2015-7,7,20,0,0
PL,45.60225641923436,2015-8,8,20,0,0
PL,42.735669026870006,2015-9,9,20,0,0
PL,42.559558373466345,2015-10,10,20,0,0
PL,38.98576277005055,2015-11,11,20,0,0
PL,34.817704936334,2015-12,12,20,0,0
PL,38.40035578883752,2016-1,13,20,0,0
PL,33.33705593359402,2016-2,14,20,0,0
PL,35.712769157185974,2016-3,15,20,0,0
PL,38.21065605618863,2016-4,16,20,0,0
PL,37.13582980988352,2016-5,17,20,0,0
PL,49.616367251535635,2016-6,18,20,0,0
PL,34.45717729432602,2016-7,19,20,0,0
PL,34.162447997940696,2016-8,20,20,0,0
PL,38.223579129307225,2016-9,21,20,0,0
PL,39.18486348204546,2016-10,22,20,0,0
PL,35.86963749044151,2016-11,23,20,0,0
PL,34.93131955297313,2016-12,24,20,0,0
PL,38.48385242629434,2017-1,25,20,0,0
PL,36.758079349340804,2017-2,26,20,0,0
PL,34.013236803519064,2017-3,27,20,0,0
PL,33.16375,2017-4,28,20,0,0
PL,35.49951612903226,2017-5,29,20,0,0
PL,36.058458333333334,2017-6,30,20,0,0
PL,36.39224462365591,2017-7,31,20,0,0
PL,38.46064516129032,2017-8,32,20,0,0
PL,39.50823611111111,2017-9,33,20,0,0
PL,40.06465053763441,2017-10,34,20,0,0
PL,39.52626388888889,2017-11,35,20,0,0
PL,35.48849462365592,2017-12,36,20,0,0
PL,38.84442204301075,2018-1,37,20,0,0
PL,44.51148809523809,2018-2,38,20,0,0
PL,48.78498655913979,2018-3,39,20,0,0
PL,43.183749999999996,2018-4,40,20,0,0
PL,51.195228494623656,2018-5,41,20,0,0
PL,52.89318055555555,2018-6,42,20,0,0
PL,52.62231182795699,2018-7,43,20,0,0
PL,59.47040322580645,2018-8,44,20,0,0
PL,63.12479166666667,2018-9,45,20,0,0
PL,58.908266129032256,2018-10,46,20,0,0
PL,58.67825,2018-11,47,20,0,0
PL,53.380349462365594,2018-12,48,20,0,0
PL,56.14225806451613,2019-1,49,20,0,0
PL,49.47976190476191,2019-2,50,20,0,0
PL,46.55860215053763,2019-3,51,20,0,0
PL,53.196625,2019-4,52,20,0,0
PL,55.40059139784946,2019-5,53,20,0,0
PL,58.34088888888889,2019-6,54,20,0,0
PL,56.49861559139785,2019-7,55,20,0,0
PL,61.55938172043011,2019-8,56,20,0,0
PL,55.99254166666667,2019-9,57,20,0,0
PL,53.17350806451613,2019-10,58,20,0,0
PL,50.37383333333333,2019-11,59,20,0,0
PL,44.549569892473116,2019-12,60,20,0,0
PL,44.13818548387097,2020-1,61,20,0,0
PL,40.86833333333333,2020-2,62,20,0,0
PL,36.93766129032258,2020-3,63,20,0,0
PL,33.30244444444445,2020-4,64,20,0,0
PL,38.54686827956989,2020-5,65,20,0,0
PL,48.39293055555556,2020-6,66,20,0,0
PL,48.97556451612903,2020-7,67,20,0,0
PL,52.285564516129035,2020-8,68,20,0,0
PL,53.73908333333333,2020-9,69,20,0,0
PL,52.189354838709676,2020-10,70,20,0,0
PL,53.550777777777775,2020-11,71,20,0,0
PL,56.653010752688175,2020-12,72,20,0,0
PL,54.787137096774195,2021-1,73,20,0,0
PL,58.889404761904764,2021-2,74,20,0,0
PL,59.632701612903226,2021-3,75,20,0,0
PL,59.35676388888889,2021-4,76,20,0,0
PL,65.64869623655915,2021-5,77,20,0,0
PL,76.22743055555556,2021-6,78,20,0,0
PL,82.33501344086021,2021-7,79,20,0,0
PL,82.40494623655914,2021-8,80,20,0,0
PL,102.24213888888889,2021-9,81,20,0,0
PL,103.22795698924732,2021-10,82,20,0,0
PL,117.80058333333334,2021-11,83,20,0,0
PL,179.384126344086,2021-12,84,20,0,0
PL,143.9869489247312,2022-1,85,20,0,0
PL,116.81372023809524,2022-2,86,20,0,0
PL,141.325376344086,2022-3,87,20,0,0
PL,124.27170833333334,2022-4,88,20,0,0
PL,140.64385752688173,2022-5,89,20,0,0
PL,185.27365277777778,2022-6,90,20,1,0
PL,220.0845430107527,2022-7,91,20,1,0
PL,268.8785080645161,2022-8,92,20,1,0
PL,175.5023888888889,2022-9,93,20,1,0
PL,134.12081989247312,2022-10,94,20,1,0
PL,170.94841666666667,2022-11,95,20,1,0
PL,173.6128997194951,2022-12,96,20,1,0
PT,51.767997311827955,2015-1,1,21,0,1
PT,42.61001488095238,2015-2,2,21,0,1
PT,43.287447405329594,2015-3,3,21,0,1
PT,45.539722222222224,2015-4,4,21,0,1
PT,45.20655913978494,2015-5,5,21,0,1
PT,54.76125,2015-6,6,21,0,1
PT,59.58897849462365,2015-7,7,21,0,1
PT,55.61807795698925,2015-8,8,21,0,1
PT,51.86417424242424,2015-9,9,21,0,1
PT,49.88471774193548,2015-10,10,21,0,1
PT,51.480333333333334,2015-11,11,21,0,1
PT,52.89247311827957,2015-12,12,21,0,1
PT,36.37930107526882,2016-1,13,21,0,1
PT,27.328793103448277,2016-2,14,21,0,1
PT,27.684905913978493,2016-3,15,21,0,1
PT,23.484236111111112,2016-4,16,21,0,1
PT,24.98024193548387,2016-5,17,21,0,1
PT,38.305194444444446,2016-6,18,21,0,1
PT,40.35141129032258,2016-7,19,21,0,1
PT,41.125443548387096,2016-8,20,21,0,1
PT,43.627125,2016-9,21,21,0,1
PT,52.80096774193548,2016-10,22,21,0,1
PT,56.26726388888889,2016-11,23,21,0,1
PT,60.27356182795699,2016-12,24,21,0,1
PT,71.53974462365592,2017-1,25,21,0,1
PT,51.3499255952381,2017-2,26,21,0,1
PT,43.922836021505375,2017-3,27,21,0,1
PT,44.172916666666666,2017-4,28,21,0,1
PT,47.184448924731186,2017-5,29,21,0,1
PT,50.204861111111114,2017-6,30,21,0,1
PT,48.60206989247312,2017-7,31,21,0,1
PT,47.426680107526884,2017-8,32,21,0,1
PT,49.17081944444445,2017-9,33,21,0,1
PT,56.98243279569893,2017-10,34,21,0,1
PT,59.39319444444445,2017-11,35,21,0,1
PT,59.43103494623656,2017-12,36,21,0,1
PT,51.67783602150538,2018-1,37,21,0,1
PT,54.967752976190475,2018-2,38,21,0,1
PT,39.72475806451613,2018-3,39,21,0,1
PT,42.677,2018-4,40,21,0,1
PT,55.14565860215054,2018-5,41,21,0,1
PT,58.47172222222222,2018-6,42,21,0,1
PT,61.83915322580645,2018-7,43,21,0,1
PT,64.3042069892473,2018-8,44,21,0,1
PT,71.27841666666667,2018-9,45,21,0,1
PT,65.40532258064516,2018-10,46,21,0,1
PT,62.00754166666667,2018-11,47,21,0,1
PT,61.864798387096776,2018-12,48,21,0,1
PT,62.663360215053764,2019-1,49,21,0,1
PT,54.72604166666667,2019-2,50,21,0,1
PT,49.217486559139786,2019-3,51,21,0,1
PT,50.651583333333335,2019-4,52,21,0,1
PT,48.75090053763441,2019-5,53,21,0,1
PT,47.17780555555556,2019-6,54,21,0,1
PT,51.46362903225806,2019-7,55,21,0,1
PT,44.95299731182796,2019-8,56,21,0,1
PT,42.157666666666664,2019-9,57,21,0,1
PT,47.189516129032256,2019-10,58,21,0,1
PT,42.122708333333335,2019-11,59,21,0,1
PT,33.67958333333333,2019-12,60,21,0,1
PT,40.903266129032254,2020-1,61,21,0,1
PT,36.02508620689655,2020-2,62,21,0,1
PT,27.852379032258064,2020-3,63,21,0,1
PT,17.725791666666666,2020-4,64,21,0,1
PT,21.442594086021504,2020-5,65,21,0,1
PT,30.65648611111111,2020-6,66,21,0,1
PT,34.619193548387095,2020-7,67,21,0,1
PT,36.128696236559136,2020-8,68,21,0,1
PT,41.919180555555556,2020-9,69,21,0,1
PT,36.426975806451615,2020-10,70,21,0,1
PT,42.11373611111111,2020-11,71,21,0,1
PT,42.038870967741936,2020-12,72,21,0,1
PT,60.62740591397849,2021-1,73,21,0,1
PT,28.241815476190478,2021-2,74,21,0,1
PT,45.41860215053764,2021-3,75,21,0,1
PT,64.97829166666666,2021-4,76,21,0,1
PT,67.1825806451613,2021-5,77,21,0,1
PT,83.2996388888889,2021-6,78,21,0,1
PT,92.5494623655914,2021-7,79,21,0,1
PT,106.1260752688172,2021-8,80,21,0,1
PT,156.78916666666666,2021-9,81,21,0,1
PT,199.69596774193548,2021-10,82,21,0,1
PT,193.79359722222222,2021-11,83,21,0,1
PT,239.07416666666666,2021-12,84,21,0,1
PT,201.97865591397849,2022-1,85,21,0,1
PT,200.80955357142858,2022-2,86,21,0,1
PT,283.0931451612903,2022-3,87,21,0,1
PT,192.01241666666667,2022-4,88,21,0,1
PT,187.18969086021505,2022-5,89,21,0,1
PT,218.7919861111111,2022-6,90,21,1,1
PT,259.27243279569893,2022-7,91,21,1,1
PT,311.09665322580645,2022-8,92,21,1,1
PT,243.97452777777778,2022-9,93,21,1,1
PT,163.09471774193548,2022-10,94,21,1,1
PT,124.27047222222222,2022-11,95,21,1,1
PT,134.6848252688172,2022-12,96,21,1,1
RO,177.3074865591398,2015-1,1,22,0,0
RO,164.64614583333332,2015-2,2,22,0,0
RO,143.07899193548388,2015-3,3,22,0,0
RO,116.66229166666666,2015-4,4,22,0,0
RO,122.49189516129033,2015-5,5,22,0,0
RO,146.94697222222223,2015-6,6,22,0,0
RO,186.11768817204302,2015-7,7,22,0,0
RO,179.9857795698925,2015-8,8,22,0,0
RO,180.3677638888889,2015-9,9,22,0,0
RO,173.4195564516129,2015-10,10,22,0,0
RO,163.92829166666667,2015-11,11,22,0,0
RO,183.4803417874396,2015-12,12,22,0,0
RO,184.35020161290322,2016-1,13,22,0,0
RO,118.33015804597702,2016-2,14,22,0,0
RO,116.54866935483871,2016-3,15,22,0,0
RO,129.3705138888889,2016-4,16,22,0,0
RO,120.88614247311828,2016-5,17,22,0,0
RO,135.058875,2016-6,18,22,0,0
RO,137.69329301075268,2016-7,19,22,0,0
RO,137.1121370967742,2016-8,20,22,0,0
RO,158.9801527777778,2016-9,21,22,0,0
RO,185.12477150537634,2016-10,22,22,0,0
RO,167.93890277777777,2016-11,23,22,0,0
RO,194.61331989247313,2016-12,24,22,0,0
RO,338.5192069892473,2017-1,25,22,0,0
RO,242.98010416666668,2017-2,26,22,0,0
RO,165.5897311827957,2017-3,27,22,0,0
RO,172.08534722222223,2017-4,28,22,0,0
RO,183.18290322580646,2017-5,29,22,0,0
RO,194.02302777777777,2017-6,30,22,0,0
RO,231.06040322580645,2017-7,31,22,0,0
RO,260.19831989247314,2017-8,32,22,0,0
RO,197.48469444444444,2017-9,33,22,0,0
RO,216.75940860215053,2017-10,34,22,0,0
RO,256.6480833333333,2017-11,35,22,0,0
RO,169.79956930808788,2017-12,36,22,0,0
RO,155.81788978494623,2018-1,37,22,0,0
RO,176.72489583333333,2018-2,38,22,0,0
RO,155.81055107526882,2018-3,39,22,0,0
RO,121.28020833333333,2018-4,40,22,0,0
RO,190.01844086021507,2018-5,41,22,0,0
RO,221.27802777777777,2018-6,42,22,0,0
RO,181.84020161290323,2018-7,43,22,0,0
RO,241.1653409090909,2018-8,44,22,0,0
RO,275.90356944444443,2018-9,45,22,0,0
RO,287.73422043010754,2018-10,46,22,0,0
RO,282.49238888888885,2018-11,47,22,0,0
RO,298.58112903225805,2018-12,48,22,0,0
RO,352.16772849462365,2019-1,49,22,0,0
RO,230.6240625,2019-2,50,22,0,0
RO,182.74172043010753,2019-3,51,22,0,0
RO,214.18881944444445,2019-4,52,22,0,0
RO,194.2553494623656,2019-5,53,22,0,0
RO,183.72244444444445,2019-6,54,22,0,0
RO,261.70716397849463,2019-7,55,22,0,0
RO,284.6792741935484,2019-8,56,22,0,0
RO,287.1886944444444,2019-9,57,22,0,0
RO,272.45119623655916,2019-10,58,22,0,0
RO,203.4030138888889,2019-11,59,22,0,0
RO,197.99180107526882,2019-12,60,22,0,0
RO,252.31766129032258,2020-1,61,22,0,0
RO,193.6417672413793,2020-2,62,22,0,0
RO,143.00103494623656,2020-3,63,22,0,0
RO,123.643125,2020-4,64,22,0,0
RO,119.81311827956989,2020-5,65,22,0,0
RO,146.9369027777778,2020-6,66,22,0,0
RO,179.45254032258063,2020-7,67,22,0,0
RO,183.29459677419354,2020-8,68,22,0,0
RO,222.59740277777777,2020-9,69,22,0,0
RO,205.74798387096774,2020-10,70,22,0,0
RO,236.96540277777777,2020-11,71,22,0,0
RO,284.4285887096774,2020-12,72,22,0,0
RO,271.14400537634407,2021-1,73,22,0,0
RO,234.5676785714286,2021-2,74,22,0,0
RO,266.11862903225807,2021-3,75,22,0,0
RO,309.23941666666667,2021-4,76,22,0,0
RO,289.28545698924734,2021-5,77,22,0,0
RO,229.37141666666668,2021-6,78,22,0,0
RO,93.84056451612904,2021-7,79,22,0,0
RO,112.73838709677419,2021-8,80,22,0,0
RO,133.91727777777777,2021-9,81,22,0,0
RO,192.3238575268817,2021-10,82,22,0,0
RO,212.54718055555554,2021-11,83,22,0,0
RO,230.1430241935484,2021-12,84,22,0,0
RO,192.15154569892474,2022-1,85,22,0,0
RO,188.2539136904762,2022-2,86,22,0,0
RO,274.0964784946237,2022-3,87,22,0,0
RO,174.7981388888889,2022-4,88,22,0,0
RO,202.27719086021506,2022-5,89,22,0,0
RO,230.48584722222222,2022-6,90,22,1,0
RO,367.3118413978495,2022-7,91,22,1,0
RO,490.79817204301077,2022-8,92,22,1,0
RO,377.91855555555554,2022-9,93,22,1,0
RO,206.00943548387096,2022-10,94,22,1,0
RO,222.53515277777777,2022-11,95,22,1,0
RO,247.6576454056696,2022-12,96,22,1,0
SE,30.137799059139784,2015-1,1,23,0,0
SE,29.22350074404762,2015-2,2,23,0,0
SE,25.702261424731184,2015-3,3,23,0,0
SE,25.422052083333334,2015-4,4,23,0,0
SE,22.60754704301075,2015-5,5,23,0,0
SE,16.2884375,2015-6,6,23,0,0
SE,9.07717069892473,2015-7,7,23,0,0
SE,15.580302419354839,2015-8,8,23,0,0
SE,21.09575,2015-9,9,23,0,0
SE,23.307483198924732,2015-10,10,23,0,0
SE,25.01565972222222,2015-11,11,23,0,0
SE,18.995789650537635,2015-12,12,23,0,0
SE,29.589344758064517,2016-1,13,23,0,0
SE,19.42554956896552,2016-2,14,23,0,0
SE,21.789260752688172,2016-3,15,23,0,0
SE,22.091326388888888,2016-4,16,23,0,0
SE,23.67875,2016-5,17,23,0,0
SE,33.734180555555554,2016-6,18,23,0,0
SE,28.965782930107526,2016-7,19,23,0,0
SE,30.48387432795699,2016-8,20,23,0,0
SE,29.224586805555557,2016-9,21,23,0,0
SE,36.32653225806452,2016-10,22,23,0,0
SE,41.00702777777778,2016-11,23,23,0,0
SE,33.38243951612903,2016-12,24,23,0,0
SE,32.341502016129034,2017-1,25,23,0,0
SE,33.34979538690476,2017-2,26,23,0,0
SE,30.43775873655914,2017-3,27,23,0,0
SE,28.978944444444444,2017-4,28,23,0,0
SE,29.59189180107527,2017-5,29,23,0,0
SE,27.287541666666666,2017-6,30,23,0,0
SE,30.77331317204301,2017-7,31,23,0,0
SE,33.55418010752688,2017-8,32,23,0,0
SE,35.80455555555555,2017-9,33,23,0,0
SE,30.17221438172043,2017-10,34,23,0,0
SE,32.62361111111111,2017-11,35,23,0,0
SE,30.57707997311828,2017-12,36,23,0,0
SE,32.46024865591398,2018-1,37,23,0,0
SE,39.945651041666665,2018-2,38,23,0,0
SE,44.865369623655916,2018-3,39,23,0,0
SE,38.830416666666665,2018-4,40,23,0,0
SE,33.5289684139785,2018-5,41,23,0,0
SE,44.82139930555555,2018-6,42,23,0,0
SE,52.58312163978495,2018-7,43,23,0,0
SE,54.478961693548385,2018-8,44,23,0,0
SE,49.72974652777778,2018-9,45,23,0,0
SE,45.79455981182796,2018-10,46,23,0,0
SE,49.84900694444445,2018-11,47,23,0,0
SE,50.826770833333335,2018-12,48,23,0,0
SE,54.100665322580646,2019-1,49,23,0,0
SE,45.487630208333336,2019-2,50,23,0,0
SE,39.37712701612903,2019-3,51,23,0,0
SE,39.67339583333333,2019-4,52,23,0,0
SE,35.14803427419355,2019-5,53,23,0,0
SE,25.294208333333334,2019-6,54,23,0,0
SE,35.612946908602154,2019-7,55,23,0,0
SE,37.323293010752685,2019-8,56,23,0,0
SE,34.87015625,2019-9,57,23,0,0
SE,38.14707661290323,2019-10,58,23,0,0
SE,41.646569444444445,2019-11,59,23,0,0
SE,35.73636088709677,2019-12,60,23,0,0
SE,24.143706317204302,2020-1,61,23,0,0
SE,16.424773706896552,2020-2,62,23,0,0
SE,11.939613575268817,2020-3,63,23,0,0
SE,8.251916666666666,2020-4,64,23,0,0
SE,11.438938172043011,2020-5,65,23,0,0
SE,16.90825347222222,2020-6,66,23,0,0
SE,12.218484543010753,2020-7,67,23,0,0
SE,27.3365188172043,2020-8,68,23,0,0
SE,32.29196875,2020-9,69,23,0,0
SE,22.38860887096774,2020-10,70,23,0,0
SE,17.80984375,2020-11,71,23,0,0
SE,26.128541666666667,2020-12,72,23,0,0
SE,46.937852822580645,2021-1,73,23,0,0
SE,48.34941964285714,2021-2,74,23,0,0
SE,32.82132392473118,2021-3,75,23,0,0
SE,32.16818055555556,2021-4,76,23,0,0
SE,41.83449932795699,2021-5,77,23,0,0
SE,45.460166666666666,2021-6,78,23,0,0
SE,57.15831317204301,2021-7,79,23,0,0
SE,66.09355846774193,2021-8,80,23,0,0
SE,80.44844097222222,2021-9,81,23,0,0
SE,50.40150537634408,2021-10,82,23,0,0
SE,70.21119444444444,2021-11,83,23,0,0
SE,121.80402217741936,2021-12,84,23,0,0
SE,65.7600504032258,2022-1,85,23,0,0
SE,50.3859375,2022-2,86,23,0,0
SE,78.22264112903225,2022-3,87,23,0,0
SE,74.82921180555556,2022-4,88,23,0,0
SE,85.12809139784946,2022-5,89,23,0,0
SE,96.71550694444444,2022-6,90,23,1,0
SE,59.71667674731183,2022-7,91,23,1,0
SE,142.0921001344086,2022-8,92,23,1,0
SE,155.93976388888888,2022-9,93,23,1,0
SE,60.12652553763441,2022-10,94,23,1,0
SE,117.23067013888888,2022-11,95,23,1,0
SE,217.24118484104721,2022-12,96,23,1,0
SI,45.38340053763441,2015-1,1,24,0,0
SI,48.41006696428571,2015-2,2,24,0,0
SI,44.01274865591398,2015-3,3,24,0,0
SI,42.099715277777776,2015-4,4,24,0,0
SI,39.18208333333333,2015-5,5,24,0,0
SI,41.33790972222222,2015-6,6,24,0,0
SI,61.96635752688172,2015-7,7,24,0,0
SI,46.97314516129032,2015-8,8,24,0,0
SI,47.9485625,2015-9,9,24,0,0
SI,45.65973790322581,2015-10,10,24,0,0
SI,50.96480555555556,2015-11,11,24,0,0
SI,50.18711693548387,2015-12,12,24,0,0
SI,45.49976478494624,2016-1,13,24,0,0
SI,32.2240158045977,2016-2,14,24,0,0
SI,30.744086021505375,2016-3,15,24,0,0
SI,29.603979166666665,2016-4,16,24,0,0
SI,29.076995967741937,2016-5,17,24,0,0
SI,32.29198611111111,2016-6,18,24,0,0
SI,39.13233870967742,2016-7,19,24,0,0
SI,34.29559811827957,2016-8,20,24,0,0
SI,39.93938194444444,2016-9,21,24,0,0
SI,51.04747311827957,2016-10,22,24,0,0
SI,51.46590277777778,2016-11,23,24,0,0
SI,53.869791666666664,2016-12,24,24,0,0
SI,77.49875672043011,2017-1,25,24,0,0
SI,54.7171875,2017-2,26,24,0,0
SI,40.59529569892473,2017-3,27,24,0,0
SI,40.19119444444444,2017-4,28,24,0,0
SI,40.79671370967742,2017-5,29,24,0,0
SI,46.17859722222222,2017-6,30,24,0,0
SI,49.97510752688172,2017-7,31,24,0,0
SI,56.39505376344086,2017-8,32,24,0,0
SI,45.329631944444444,2017-9,33,24,0,0
SI,52.76415994623656,2017-10,34,24,0,0
SI,63.824152777777776,2017-11,35,24,0,0
SI,46.210961021505376,2017-12,36,24,0,0
SI,37.94725806451613,2018-1,37,24,0,0
SI,43.38010416666667,2018-2,38,24,0,0
SI,42.253373655913975,2018-3,39,24,0,0
SI,32.23411111111111,2018-4,40,24,0,0
SI,40.84112903225807,2018-5,41,24,0,0
SI,50.684083333333334,2018-6,42,24,0,0
SI,51.53620967741936,2018-7,43,24,0,0
SI,60.84747311827957,2018-8,44,24,0,0
SI,64.13398611111111,2018-9,45,24,0,0
SI,64.04979838709677,2018-10,46,24,0,0
SI,63.10261111111111,2018-11,47,24,0,0
SI,62.42600806451613,2018-12,48,24,0,0
SI,68.7679435483871,2019-1,49,24,0,0
SI,49.68395833333334,2019-2,50,24,0,0
SI,39.561344086021506,2019-3,51,24,0,0
SI,45.63151388888889,2019-4,52,24,0,0
SI,41.30599462365591,2019-5,53,24,0,0
SI,40.02376388888889,2019-6,54,24,0,0
SI,51.24780913978495,2019-7,55,24,0,0
SI,54.60555107526882,2019-8,56,24,0,0
SI,55.296958333333336,2019-9,57,24,0,0
SI,55.2240188172043,2019-10,58,24,0,0
SI,43.83715277777778,2019-11,59,24,0,0
SI,39.51725806451613,2019-12,60,24,0,0
SI,50.24393817204301,2020-1,61,24,0,0
SI,39.257183908045974,2020-2,62,24,0,0
SI,29.406720430107526,2020-3,63,24,0,0
SI,23.739958333333334,2020-4,64,24,0,0
SI,21.225456989247313,2020-5,65,24,0,0
SI,27.959652777777777,2020-6,66,24,0,0
SI,35.22095430107527,2020-7,67,24,0,0
SI,37.61186827956989,2020-8,68,24,0,0
SI,45.848708333333335,2020-9,69,24,0,0
SI,38.55606182795699,2020-10,70,24,0,0
SI,46.928333333333335,2020-11,71,24,0,0
SI,54.52204301075269,2020-12,72,24,0,0
SI,57.528145161290325,2021-1,73,24,0,0
SI,50.37691964285714,2021-2,74,24,0,0
SI,55.94255376344086,2021-3,75,24,0,0
SI,64.51081944444445,2021-4,76,24,0,0
SI,59.867620967741935,2021-5,77,24,0,0
SI,78.46841666666667,2021-6,78,24,0,0
SI,93.65411290322581,2021-7,79,24,0,0
SI,105.57528225806452,2021-8,80,24,0,0
SI,138.6015277777778,2021-9,81,24,0,0
SI,202.73137096774192,2021-10,82,24,0,0
SI,215.806,2021-11,83,24,0,0
SI,252.40271505376344,2021-12,84,24,0,0
SI,206.90349462365592,2022-1,85,24,0,0
SI,195.40394345238096,2022-2,86,24,0,0
SI,293.43698924731183,2022-3,87,24,0,0
SI,192.68759722222222,2022-4,88,24,0,0
SI,202.06291666666667,2022-5,89,24,0,0
SI,246.11194444444445,2022-6,90,24,1,0
SI,374.95689516129033,2022-7,91,24,1,0
SI,494.3828629032258,2022-8,92,24,1,0
SI,394.66019444444447,2022-9,93,24,1,0
SI,196.88846774193547,2022-10,94,24,1,0
SI,222.73355555555557,2022-11,95,24,1,0
SI,264.2490860215054,2022-12,96,24,1,0
SK,31.262163978494623,2015-1,1,25,0,0
SK,36.66056547619048,2015-2,2,25,0,0
SK,30.958508064516128,2015-3,3,25,0,0
SK,29.97498611111111,2015-4,4,25,0,0
SK,25.493902737047897,2015-5,5,25,0,0
SK,30.98501388888889,2015-6,6,25,0,0
SK,38.534408602150535,2015-7,7,25,0,0
SK,33.24491935483871,2015-8,8,25,0,0
SK,36.61247222222222,2015-9,9,25,0,0
SK,42.28674731182796,2015-10,10,25,0,0
SK,36.62016666666667,2015-11,11,25,0,0
SK,29.897728494623657,2015-12,12,25,0,0
SK,34.472688172043014,2016-1,13,25,0,0
SK,23.369353448275863,2016-2,14,25,0,0
SK,23.747276180458158,2016-3,15,25,0,0
SK,25.857097222222222,2016-4,16,25,0,0
SK,25.155887096774194,2016-5,17,25,0,0
SK,32.272958333333335,2016-6,18,25,0,0
SK,29.479005376344084,2016-7,19,25,0,0
SK,27.634905913978493,2016-8,20,25,0,0
SK,33.427236111111114,2016-9,21,25,0,0
SK,43.24312194525904,2016-10,22,25,0,0
SK,39.70042089371981,2016-11,23,25,0,0
SK,39.6040188172043,2016-12,24,25,0,0
SK,58.13012096774194,2017-1,25,25,0,0
SK,45.78236607142857,2017-2,26,25,0,0
SK,32.12096774193548,2017-3,27,25,0,0
SK,31.51684722222222,2017-4,28,25,0,0
SK,34.25584677419355,2017-5,29,25,0,0
SK,38.206583333333334,2017-6,30,25,0,0
SK,42.095174731182794,2017-7,31,25,0,0
SK,46.44702956989247,2017-8,32,25,0,0
SK,38.680708333333335,2017-9,33,25,0,0
SK,40.46083333333333,2017-10,34,25,0,0
SK,50.73386111111111,2017-11,35,25,0,0
SK,33.16615591397849,2017-12,36,25,0,0
SK,33.40567204301075,2018-1,37,25,0,0
SK,41.99377976190476,2018-2,38,25,0,0
SK,39.59916666666667,2018-3,39,25,0,0
SK,31.752111111111113,2018-4,40,25,0,0
SK,36.079112903225806,2018-5,41,25,0,0
SK,48.780972222222225,2018-6,42,25,0,0
SK,50.378830645161294,2018-7,43,25,0,0
SK,59.38872311827957,2018-8,44,25,0,0
SK,61.801458333333336,2018-9,45,25,0,0
SK,61.77916666666667,2018-10,46,25,0,0
SK,59.88115277777778,2018-11,47,25,0,0
SK,56.43529569892473,2018-12,48,25,0,0
SK,58.83416666666667,2019-1,49,25,0,0
SK,45.31729166666667,2019-2,50,25,0,0
SK,33.3399059139785,2019-3,51,25,0,0
SK,39.31109722222222,2019-4,52,25,0,0
SK,37.873548387096776,2019-5,53,25,0,0
SK,34.561458333333334,2019-6,54,25,0,0
SK,42.066680107526885,2019-7,55,25,0,0
SK,40.63915322580645,2019-8,56,25,0,0
SK,43.420027777777776,2019-9,57,25,0,0
SK,41.84626344086021,2019-10,58,25,0,0
SK,42.10143055555555,2019-11,59,25,0,0
SK,38.911653225806454,2019-12,60,25,0,0
SK,44.36741935483871,2020-1,61,25,0,0
SK,30.718706896551726,2020-2,62,25,0,0
SK,25.508575268817204,2020-3,63,25,0,0
SK,19.337625,2020-4,64,25,0,0
SK,18.263629032258066,2020-5,65,25,0,0
SK,26.343555555555557,2020-6,66,25,0,0
SK,32.76584677419355,2020-7,67,25,0,0
SK,35.18383064516129,2020-8,68,25,0,0
SK,44.98923611111111,2020-9,69,25,0,0
SK,36.36305107526882,2020-10,70,25,0,0
SK,42.4595,2020-11,71,25,0,0
SK,51.56301075268817,2020-12,72,25,0,0
SK,55.76711021505376,2021-1,73,25,0,0
SK,50.486800595238094,2021-2,74,25,0,0
SK,53.745577956989244,2021-3,75,25,0,0
SK,60.68694444444444,2021-4,76,25,0,0
SK,59.77911290322581,2021-5,77,25,0,0
SK,75.82797222222221,2021-6,78,25,0,0
SK,86.36663978494623,2021-7,79,25,0,0
SK,85.59448924731183,2021-8,80,25,0,0
SK,132.65273611111112,2021-9,81,25,0,0
SK,151.17375,2021-10,82,25,0,0
SK,185.37716666666665,2021-11,83,25,0,0
SK,231.95325268817206,2021-12,84,25,0,0
SK,194.7853629032258,2022-1,85,25,0,0
SK,171.37346726190475,2022-2,86,25,0,0
SK,279.09572580645164,2022-3,87,25,0,0
SK,183.68,2022-4,88,25,0,0
SK,194.79896505376345,2022-5,89,25,0,0
SK,235.80454166666667,2022-6,90,25,1,0
SK,368.4345698924731,2022-7,91,25,1,0
SK,492.4732795698925,2022-8,92,25,1,0
SK,386.51981944444447,2022-9,93,25,1,0
SK,188.2867069892473,2022-10,94,25,1,0
SK,215.8469722222222,2022-11,95,25,1,0
SK,257.6886190977092,2022-12,96,25,1,0
