unit,rmspe_ratio,rank,p_val,n,outcome,treated,CT
AT,4.45282190398466,6,0.2608695652173913,48,DAA,ES,FALSE
BE,2.72610402008841,14,0.6086956521739131,48,DAA,ES,FALSE
BG,1.39757444899588,22,0.9565217391304348,48,DAA,ES,FALSE
CZ,6.38166202747483,3,0.13043478260869565,48,DAA,ES,FALSE
DE,36.5813583644053,9,0.391304347826087,48,DAA,ES,FALSE
DK,4.09303338115284,8,0.34782608695652173,48,DAA,ES,FALSE
EE,17.2319491177567,16,0.6956521739130435,48,DAA,ES,FALSE
ES,16.1253292267004,17,0.7391304347826086,48,DAA,ES,FALSE
FI,2.73437990642401,13,0.5652173913043478,48,DAA,ES,FALSE
GR,2.5120549640167,15,0.6521739130434783,48,DAA,ES,FALSE
HR,11.0211575092039,20,0.8695652173913043,48,DAA,ES,FALSE
HU,4.80396490181435,5,0.21739130434782608,48,DAA,ES,FALSE
IT,2.77496005318063,12,0.5217391304347826,48,DAA,ES,FALSE
LT,11.1853942195912,19,0.8260869565217391,48,DAA,ES,FALSE
LU,35.217031975407,10,0.43478260869565216,48,DAA,ES,FALSE
LV,10.5082656575029,21,0.9130434782608695,48,DAA,ES,FALSE
NL,4.23175813272445,7,0.30434782608695654,48,DAA,ES,FALSE
NO,3.32106072579744,11,0.4782608695652174,48,DAA,ES,FALSE
PL,6.86326358968882,2,0.08695652173913043,48,DAA,ES,FALSE
RO,0.21354698035372,23,1,48,DAA,ES,FALSE
SE,5.57397946642001,4,0.17391304347826086,48,DAA,ES,FALSE
SI,11.6716906670598,18,0.782608695652174,48,DAA,ES,FALSE
SK,7.51958258708616,1,0.043478260869565216,48,DAA,ES,FALSE
AT,1.31943925684439,23,0.9583333333333334,48,CP00,ES,FALSE
BE,2.11051140307848,17,0.7083333333333334,48,CP00,ES,FALSE
BG,1.93831864781277,20,0.8333333333333334,48,CP00,ES,FALSE
CZ,5.50773262576434,7,0.2916666666666667,48,CP00,ES,FALSE
DE,2.72974872726995,14,0.5833333333333334,48,CP00,ES,FALSE
DK,3.59392681282332,11,0.4583333333333333,48,CP00,ES,FALSE
EE,2.82088822784488,13,0.5416666666666666,48,CP00,ES,FALSE
GR,1.44173132958753,21,0.875,48,CP00,ES,FALSE
ES,11.0161113485796,19,0.7916666666666666,48,CP00,ES,FALSE
FI,6.9417118589036,4,0.16666666666666666,48,CP00,ES,FALSE
HR,3.62332331832481,10,0.4166666666666667,48,CP00,ES,FALSE
HU,5.67884855237383,5,0.20833333333333334,48,CP00,ES,FALSE
IE,1.32806177774506,22,0.9166666666666666,48,CP00,ES,FALSE
IT,7.11446037822056,3,0.125,48,CP00,ES,FALSE
LT,2.20023652747131,16,0.6666666666666666,48,CP00,ES,FALSE
LU,8.17809199726328,2,0.08333333333333333,48,CP00,ES,FALSE
LV,8.63431350827414,1,0.041666666666666664,48,CP00,ES,FALSE
NL,3.44942049266993,12,0.5,48,CP00,ES,FALSE
NO,5.53733976477399,6,0.25,48,CP00,ES,FALSE
PL,1.01842881577382,24,1,48,CP00,ES,FALSE
RO,11.7379622879272,18,0.75,48,CP00,ES,FALSE
SE,5.37912768087415,8,0.3333333333333333,48,CP00,ES,FALSE
SI,2.61149709790229,15,0.625,48,CP00,ES,FALSE
SK,3.69406268384698,9,0.375,48,CP00,ES,FALSE
AT,4.80000783041032,13,0.5416666666666666,48,GD,ES,FALSE
BE,2.65479076740187,19,0.7916666666666666,48,GD,ES,FALSE
BG,4.9358584310547,11,0.4583333333333333,48,GD,ES,FALSE
CZ,3.04290575810928,17,0.7083333333333334,48,GD,ES,FALSE
DE,1.71904712524984,23,0.9583333333333334,48,GD,ES,FALSE
DK,4.72412617500832,14,0.5833333333333334,48,GD,ES,FALSE
EE,2.84964993549249,18,0.75,48,GD,ES,FALSE
GR,5.5115011866655,8,0.3333333333333333,48,GD,ES,FALSE
ES,7.74289637974039,3,0.125,48,GD,ES,FALSE
FI,7.15405768440102,4,0.16666666666666666,48,GD,ES,FALSE
HR,4.42348820355767,15,0.625,48,GD,ES,FALSE
HU,8.29399079128995,1,0.041666666666666664,48,GD,ES,FALSE
IE,1.46660177761008,24,1,48,GD,ES,FALSE
IT,5.24954863971162,9,0.375,48,GD,ES,FALSE
LT,5.12826362496823,10,0.4166666666666667,48,GD,ES,FALSE
LU,6.49582055827555,5,0.20833333333333334,48,GD,ES,FALSE
LV,7.96419544406759,2,0.08333333333333333,48,GD,ES,FALSE
NL,3.52356395698708,16,0.6666666666666666,48,GD,ES,FALSE
NO,5.57294759522585,7,0.2916666666666667,48,GD,ES,FALSE
PL,5.97953314935338,6,0.25,48,GD,ES,FALSE
RO,16.1977889885804,20,0.8333333333333334,48,GD,ES,FALSE
SE,4.86099522616596,12,0.5,48,GD,ES,FALSE
SI,1.76161499864379,22,0.9166666666666666,48,GD,ES,FALSE
SK,1.80736169561942,21,0.875,48,GD,ES,FALSE
AT,1.03632140147351,22,0.9166666666666666,48,SERV,ES,FALSE
BE,4.13690530318055,9,0.375,48,SERV,ES,FALSE
BG,1.43155618210697,19,0.7916666666666666,48,SERV,ES,FALSE
CZ,3.69317884507015,11,0.4583333333333333,48,SERV,ES,FALSE
DE,5.64960778557833,4,0.16666666666666666,48,SERV,ES,FALSE
DK,2.43578311288567,16,0.6666666666666666,48,SERV,ES,FALSE
EE,2.48686645865087,15,0.625,48,SERV,ES,FALSE
GR,0.776988893046127,23,0.9583333333333334,48,SERV,ES,FALSE
ES,3.15378410017719,13,0.5416666666666666,48,SERV,ES,FALSE
FI,4.29848272789349,8,0.3333333333333333,48,SERV,ES,FALSE
HR,6.03576741253216,3,0.125,48,SERV,ES,FALSE
HU,9.94064962516231,1,0.041666666666666664,48,SERV,ES,FALSE
IE,4.7620748418408,6,0.25,48,SERV,ES,FALSE
IT,5.02287105662408,5,0.20833333333333334,48,SERV,ES,FALSE
LT,0.715545344037505,24,1,48,SERV,ES,FALSE
LU,9.01261496141888,2,0.08333333333333333,48,SERV,ES,FALSE
LV,3.36152575839889,12,0.5,48,SERV,ES,FALSE
NL,1.63148159682573,18,0.75,48,SERV,ES,FALSE
NO,3.98898033048544,10,0.4166666666666667,48,SERV,ES,FALSE
PL,1.64193650472821,17,0.7083333333333334,48,SERV,ES,FALSE
RO,4.35098577893144,7,0.2916666666666667,48,SERV,ES,FALSE
SE,2.62993805231924,14,0.5833333333333334,48,SERV,ES,FALSE
SI,1.35172942523158,20,0.8333333333333334,48,SERV,ES,FALSE
SK,1.31477506658793,21,0.875,48,SERV,ES,FALSE
AT,3.5080065851915,15,0.625,48,IGD,ES,FALSE
BE,1.99319921347382,19,0.7916666666666666,48,IGD,ES,FALSE
BG,4.91135087684951,11,0.4583333333333333,48,IGD,ES,FALSE
CZ,2.4725143360843,17,0.7083333333333334,48,IGD,ES,FALSE
DE,1.95342464380642,20,0.8333333333333334,48,IGD,ES,FALSE
DK,5.05333526169755,9,0.375,48,IGD,ES,FALSE
EE,5.21949096728862,8,0.3333333333333333,48,IGD,ES,FALSE
GR,4.39167889935917,12,0.5,48,IGD,ES,FALSE
ES,7.41517966441269,5,0.20833333333333334,48,IGD,ES,FALSE
FI,5.81204950426032,6,0.25,48,IGD,ES,FALSE
HR,2.43413611846464,18,0.75,48,IGD,ES,FALSE
HU,9.60076874518772,1,0.041666666666666664,48,IGD,ES,FALSE
IE,1.08267857873849,23,0.9583333333333334,48,IGD,ES,FALSE
IT,7.6785693078888,4,0.16666666666666666,48,IGD,ES,FALSE
LT,8.05741515448999,3,0.125,48,IGD,ES,FALSE
LU,3.85698868114583,14,0.5833333333333334,48,IGD,ES,FALSE
LV,9.08171297504365,2,0.08333333333333333,48,IGD,ES,FALSE
NL,5.51171461762867,7,0.2916666666666667,48,IGD,ES,FALSE
NO,0.342607776835998,24,1,48,IGD,ES,FALSE
PL,1.13925670678449,22,0.9166666666666666,48,IGD,ES,FALSE
RO,4.97991048602267,10,0.4166666666666667,48,IGD,ES,FALSE
SE,4.02765660780995,13,0.5416666666666666,48,IGD,ES,FALSE
SI,1.69925678895584,21,0.875,48,IGD,ES,FALSE
SK,3.09353806776558,16,0.6666666666666666,48,IGD,ES,FALSE
AT,1.01598913492722,22,0.9166666666666666,48,FOOD,ES,FALSE
BE,3.39316725881073,7,0.2916666666666667,48,FOOD,ES,FALSE
BG,1.85467078204062,17,0.7083333333333334,48,FOOD,ES,FALSE
CZ,9.97930185087768,1,0.041666666666666664,48,FOOD,ES,FALSE
DE,2.93925714032919,9,0.375,48,FOOD,ES,FALSE
DK,3.02204246621216,8,0.3333333333333333,48,FOOD,ES,FALSE
EE,1.69265217837158,19,0.7916666666666666,48,FOOD,ES,FALSE
GR,0.662707315792237,24,1,48,FOOD,ES,FALSE
ES,1.22542021743584,20,0.8333333333333334,48,FOOD,ES,FALSE
FI,1.16487773873596,21,0.875,48,FOOD,ES,FALSE
HR,3.39348915778023,6,0.25,48,FOOD,ES,FALSE
HU,2.84762563824444,10,0.4166666666666667,48,FOOD,ES,FALSE
IE,1.73303840463623,18,0.75,48,FOOD,ES,FALSE
IT,2.55583237538046,12,0.5,48,FOOD,ES,FALSE
LT,2.57617019158711,11,0.4583333333333333,48,FOOD,ES,FALSE
LU,7.6775045215282,3,0.125,48,FOOD,ES,FALSE
LV,2.54223757835888,13,0.5416666666666666,48,FOOD,ES,FALSE
NL,2.50853512660394,14,0.5833333333333334,48,FOOD,ES,FALSE
NO,0.877219613498083,23,0.9583333333333334,48,FOOD,ES,FALSE
PL,5.24316140717412,4,0.16666666666666666,48,FOOD,ES,FALSE
RO,8.59774746604601,2,0.08333333333333333,48,FOOD,ES,FALSE
SE,3.90007741803,5,0.20833333333333334,48,FOOD,ES,FALSE
SI,2.47472512131287,15,0.625,48,FOOD,ES,FALSE
SK,2.0758575502126,16,0.6666666666666666,48,FOOD,ES,FALSE
AT,17.4704395911629,20,0.8333333333333334,48,NRG,ES,FALSE
BE,2.58773335644886,16,0.6666666666666666,48,NRG,ES,FALSE
BG,9.58091886141087,1,0.041666666666666664,48,NRG,ES,FALSE
CZ,4.07145168974435,10,0.4166666666666667,48,NRG,ES,FALSE
DE,5.74285368156434,6,0.25,48,NRG,ES,FALSE
DK,3.76443724213082,11,0.4583333333333333,48,NRG,ES,FALSE
EE,4.43106361544958,8,0.3333333333333333,48,NRG,ES,FALSE
GR,14.1531309337618,21,0.875,48,NRG,ES,FALSE
ES,10.599096686111,22,0.9166666666666666,48,NRG,ES,FALSE
FI,8.67886494052393,2,0.08333333333333333,48,NRG,ES,FALSE
HR,2.01441357380594,18,0.75,48,NRG,ES,FALSE
HU,4.2561059523717,9,0.375,48,NRG,ES,FALSE
IE,8.09323222547763,3,0.125,48,NRG,ES,FALSE
IT,19.9983465868317,19,0.7916666666666666,48,NRG,ES,FALSE
LT,6.57360019297815,4,0.16666666666666666,48,NRG,ES,FALSE
LU,3.11246350996057,13,0.5416666666666666,48,NRG,ES,FALSE
LV,10.0812197780945,23,0.9583333333333334,48,NRG,ES,FALSE
NL,3.44060176303689,12,0.5,48,NRG,ES,FALSE
NO,0.708995308029281,24,1,48,NRG,ES,FALSE
PL,2.85872478930891,14,0.5833333333333334,48,NRG,ES,FALSE
RO,5.87217432042636,5,0.20833333333333334,48,NRG,ES,FALSE
SE,4.70174377611965,7,0.2916666666666667,48,NRG,ES,FALSE
SI,2.73663855520846,15,0.625,48,NRG,ES,FALSE
SK,2.09278098045402,17,0.7083333333333334,48,NRG,ES,FALSE
AT,1.488387299672,12,0.5,48,IGD_NNRG,ES,FALSE
BE,0.887833036400184,20,0.8333333333333334,48,IGD_NNRG,ES,FALSE
BG,1.18385841240768,15,0.625,48,IGD_NNRG,ES,FALSE
CZ,1.75961061500568,9,0.375,48,IGD_NNRG,ES,FALSE
DE,1.55072604053558,11,0.4583333333333333,48,IGD_NNRG,ES,FALSE
DK,0.648908545119156,23,0.9583333333333334,48,IGD_NNRG,ES,FALSE
EE,3.40521769514481,2,0.08333333333333333,48,IGD_NNRG,ES,FALSE
GR,1.57336184726498,10,0.4166666666666667,48,IGD_NNRG,ES,FALSE
ES,1.46206947394808,13,0.5416666666666666,48,IGD_NNRG,ES,FALSE
FI,3.48426289129905,1,0.041666666666666664,48,IGD_NNRG,ES,FALSE
HR,2.54533072238422,7,0.2916666666666667,48,IGD_NNRG,ES,FALSE
HU,12.1172423666879,8,0.3333333333333333,48,IGD_NNRG,ES,FALSE
IE,1.30139734537076,14,0.5833333333333334,48,IGD_NNRG,ES,FALSE
IT,1.06567969179826,17,0.7083333333333334,48,IGD_NNRG,ES,FALSE
LT,1.09186467503675,16,0.6666666666666666,48,IGD_NNRG,ES,FALSE
LU,0.939922198858897,19,0.7916666666666666,48,IGD_NNRG,ES,FALSE
LV,1.00430630099589,18,0.75,48,IGD_NNRG,ES,FALSE
NL,2.60428112134133,6,0.25,48,IGD_NNRG,ES,FALSE
NO,0.514352119103975,24,1,48,IGD_NNRG,ES,FALSE
PL,2.94989981110508,4,0.16666666666666666,48,IGD_NNRG,ES,FALSE
RO,0.839045264333605,22,0.9166666666666666,48,IGD_NNRG,ES,FALSE
SE,2.86449027268677,5,0.20833333333333334,48,IGD_NNRG,ES,FALSE
SI,3.12397308626391,3,0.125,48,IGD_NNRG,ES,FALSE
SK,0.877941979924872,21,0.875,48,IGD_NNRG,ES,FALSE
AT,2.09111130889044,16,0.6666666666666666,48,TOT_X_NRG,ES,FALSE
BE,2.17286015269566,14,0.5833333333333334,48,TOT_X_NRG,ES,FALSE
BG,3.14688577086988,10,0.4166666666666667,48,TOT_X_NRG,ES,FALSE
CZ,6.55176303815733,1,0.041666666666666664,48,TOT_X_NRG,ES,FALSE
DE,3.25356128194858,9,0.375,48,TOT_X_NRG,ES,FALSE
DK,2.0684560982561,17,0.7083333333333334,48,TOT_X_NRG,ES,FALSE
EE,1.33780127798275,20,0.8333333333333334,48,TOT_X_NRG,ES,FALSE
GR,0.876122299204741,23,0.9583333333333334,48,TOT_X_NRG,ES,FALSE
ES,4.43168683925963,5,0.20833333333333334,48,TOT_X_NRG,ES,FALSE
FI,2.68909635130603,11,0.4583333333333333,48,TOT_X_NRG,ES,FALSE
HR,5.21894881369329,4,0.16666666666666666,48,TOT_X_NRG,ES,FALSE
HU,3.93285965425765,7,0.2916666666666667,48,TOT_X_NRG,ES,FALSE
IE,1.42608527624786,19,0.7916666666666666,48,TOT_X_NRG,ES,FALSE
IT,2.61007069213744,12,0.5,48,TOT_X_NRG,ES,FALSE
LT,3.30533036256169,8,0.3333333333333333,48,TOT_X_NRG,ES,FALSE
LU,5.52240552357402,3,0.125,48,TOT_X_NRG,ES,FALSE
LV,2.28803082386899,13,0.5416666666666666,48,TOT_X_NRG,ES,FALSE
NL,0.80443032574198,24,1,48,TOT_X_NRG,ES,FALSE
NO,4.33680112401798,6,0.25,48,TOT_X_NRG,ES,FALSE
PL,0.942198882199367,22,0.9166666666666666,48,TOT_X_NRG,ES,FALSE
RO,5.85983918590109,2,0.08333333333333333,48,TOT_X_NRG,ES,FALSE
SE,1.95634789913621,18,0.75,48,TOT_X_NRG,ES,FALSE
SI,2.10757941960357,15,0.625,48,TOT_X_NRG,ES,FALSE
SK,1.29359066051164,21,0.875,48,TOT_X_NRG,ES,FALSE
AT,3.46736763881345,10,0.47619047619047616,72,DAA,ES,FALSE
BE,1.80803422816672,20,0.9523809523809523,72,DAA,ES,FALSE
CZ,4.74262776819664,8,0.38095238095238093,72,DAA,ES,FALSE
DE,42.1229232591581,7,0.3333333333333333,72,DAA,ES,FALSE
DK,4.36044862475763,9,0.42857142857142855,72,DAA,ES,FALSE
EE,19.0139608304572,17,0.8095238095238095,72,DAA,ES,FALSE
ES,16.8328759702186,18,0.8571428571428571,72,DAA,ES,FALSE
FI,3.34932822582241,12,0.5714285714285714,72,DAA,ES,FALSE
GR,3.12495398531047,13,0.6190476190476191,72,DAA,ES,FALSE
HU,2.16138363282856,16,0.7619047619047619,72,DAA,ES,FALSE
IT,2.55379257852018,15,0.7142857142857143,72,DAA,ES,FALSE
LT,8.74512757703431,1,0.047619047619047616,72,DAA,ES,FALSE
LU,42.7284279935139,6,0.2857142857142857,72,DAA,ES,FALSE
LV,10.2398409261906,19,0.9047619047619048,72,DAA,ES,FALSE
NL,2.73997314959259,14,0.6666666666666666,72,DAA,ES,FALSE
NO,3.45784090064867,11,0.5238095238095238,72,DAA,ES,FALSE
PL,7.61485104489244,2,0.09523809523809523,72,DAA,ES,FALSE
RO,0.454496726574284,21,1,72,DAA,ES,FALSE
SE,6.81104984962359,4,0.19047619047619047,72,DAA,ES,FALSE
SI,7.12089733899979,3,0.14285714285714285,72,DAA,ES,FALSE
SK,6.40564623679313,5,0.23809523809523808,72,DAA,ES,FALSE
AT,1.73195416391246,22,0.9166666666666666,72,CP00,ES,FALSE
BE,2.24344782281112,19,0.7916666666666666,72,CP00,ES,FALSE
BG,3.3911432579885,14,0.5833333333333334,72,CP00,ES,FALSE
CZ,6.19856335612963,6,0.25,72,CP00,ES,FALSE
DE,4.30707993372457,11,0.4583333333333333,72,CP00,ES,FALSE
DK,3.39615136615282,13,0.5416666666666666,72,CP00,ES,FALSE
EE,3.38867984107359,15,0.625,72,CP00,ES,FALSE
GR,1.99084328215723,21,0.875,72,CP00,ES,FALSE
ES,11.5370588137924,20,0.8333333333333334,72,CP00,ES,FALSE
FI,6.72887237077716,4,0.16666666666666666,72,CP00,ES,FALSE
HR,4.99129286826566,8,0.3333333333333333,72,CP00,ES,FALSE
HU,6.53849885521829,5,0.20833333333333334,72,CP00,ES,FALSE
IE,1.28296809590009,23,0.9583333333333334,72,CP00,ES,FALSE
IT,6.96479968676793,3,0.125,72,CP00,ES,FALSE
LT,2.360671254201,18,0.75,72,CP00,ES,FALSE
LU,8.24161339983574,2,0.08333333333333333,72,CP00,ES,FALSE
LV,9.05990405767162,1,0.041666666666666664,72,CP00,ES,FALSE
NL,3.61244923444962,12,0.5,72,CP00,ES,FALSE
NO,4.78988416789726,9,0.375,72,CP00,ES,FALSE
PL,0.733806712140235,24,1,72,CP00,ES,FALSE
RO,6.15441202449452,7,0.2916666666666667,72,CP00,ES,FALSE
SE,4.30743224251598,10,0.4166666666666667,72,CP00,ES,FALSE
SI,2.74654013843888,17,0.7083333333333334,72,CP00,ES,FALSE
SK,3.16042180364555,16,0.6666666666666666,72,CP00,ES,FALSE
AT,5.04026354262669,11,0.4583333333333333,72,GD,ES,FALSE
BE,2.65517707608667,19,0.7916666666666666,72,GD,ES,FALSE
BG,3.67992211713206,18,0.75,72,GD,ES,FALSE
CZ,7.70618053429872,5,0.20833333333333334,72,GD,ES,FALSE
DE,2.04989626097077,22,0.9166666666666666,72,GD,ES,FALSE
DK,4.71054262071679,14,0.5833333333333334,72,GD,ES,FALSE
EE,3.94800185726899,17,0.7083333333333334,72,GD,ES,FALSE
GR,5.83095856522563,9,0.375,72,GD,ES,FALSE
ES,8.74200995467942,1,0.041666666666666664,72,GD,ES,FALSE
FI,8.1133578576077,4,0.16666666666666666,72,GD,ES,FALSE
HR,4.77588330332492,13,0.5416666666666666,72,GD,ES,FALSE
HU,10.1057055296035,23,0.9583333333333334,72,GD,ES,FALSE
IE,1.65314422908078,24,1,72,GD,ES,FALSE
IT,5.33217715368265,10,0.4166666666666667,72,GD,ES,FALSE
LT,6.40912331545962,8,0.3333333333333333,72,GD,ES,FALSE
LU,8.56881773105305,3,0.125,72,GD,ES,FALSE
LV,7.61999993344114,7,0.2916666666666667,72,GD,ES,FALSE
NL,3.96501454446828,16,0.6666666666666666,72,GD,ES,FALSE
NO,4.41292221882093,15,0.625,72,GD,ES,FALSE
PL,8.58235282744592,2,0.08333333333333333,72,GD,ES,FALSE
RO,7.68870053192414,6,0.25,72,GD,ES,FALSE
SE,4.78787898311741,12,0.5,72,GD,ES,FALSE
SI,2.37153432250393,20,0.8333333333333334,72,GD,ES,FALSE
SK,2.16866649212716,21,0.875,72,GD,ES,FALSE
AT,0.981610050341999,23,0.9583333333333334,72,SERV,ES,FALSE
BE,2.46089919728029,13,0.5416666666666666,72,SERV,ES,FALSE
BG,1.19772684836603,20,0.8333333333333334,72,SERV,ES,FALSE
CZ,4.14492795597191,5,0.20833333333333334,72,SERV,ES,FALSE
DE,6.14316777220282,1,0.041666666666666664,72,SERV,ES,FALSE
DK,2.15744259536262,15,0.625,72,SERV,ES,FALSE
EE,2.73208344902229,12,0.5,72,SERV,ES,FALSE
GR,0.876385937962406,24,1,72,SERV,ES,FALSE
ES,3.32162856608559,10,0.4166666666666667,72,SERV,ES,FALSE
FI,3.54503495872561,8,0.3333333333333333,72,SERV,ES,FALSE
HR,5.40432178755107,3,0.125,72,SERV,ES,FALSE
HU,10.250520765975,16,0.6666666666666666,72,SERV,ES,FALSE
IE,4.09867854230388,7,0.2916666666666667,72,SERV,ES,FALSE
IT,4.88370615944408,4,0.16666666666666666,72,SERV,ES,FALSE
LT,1.0932661327827,21,0.875,72,SERV,ES,FALSE
LU,6.06399898905979,2,0.08333333333333333,72,SERV,ES,FALSE
LV,3.1720773940221,11,0.4583333333333333,72,SERV,ES,FALSE
NL,2.16204177886425,14,0.5833333333333334,72,SERV,ES,FALSE
NO,4.12797088100081,6,0.25,72,SERV,ES,FALSE
PL,1.85177947422316,17,0.7083333333333334,72,SERV,ES,FALSE
RO,1.59738245419827,19,0.7916666666666666,72,SERV,ES,FALSE
SE,3.44658440035688,9,0.375,72,SERV,ES,FALSE
SI,1.66995088557909,18,0.75,72,SERV,ES,FALSE
SK,1.00121290747077,22,0.9166666666666666,72,SERV,ES,FALSE
AT,4.04170962487977,10,0.4166666666666667,72,IGD,ES,FALSE
BE,2.29655748671224,17,0.7083333333333334,72,IGD,ES,FALSE
BG,2.68048928917251,14,0.5833333333333334,72,IGD,ES,FALSE
CZ,2.74965140181418,12,0.5,72,IGD,ES,FALSE
DE,2.62273647534316,15,0.625,72,IGD,ES,FALSE
DK,6.10324842810767,6,0.25,72,IGD,ES,FALSE
EE,6.06296576398962,7,0.2916666666666667,72,IGD,ES,FALSE
GR,4.90523288593147,8,0.3333333333333333,72,IGD,ES,FALSE
ES,8.60114754088649,1,0.041666666666666664,72,IGD,ES,FALSE
FI,6.81370260203793,4,0.16666666666666666,72,IGD,ES,FALSE
HR,2.72975242834284,13,0.5416666666666666,72,IGD,ES,FALSE
HU,10.1239498437004,19,0.7916666666666666,72,IGD,ES,FALSE
IE,1.18610782731971,21,0.875,72,IGD,ES,FALSE
IT,7.39330971073004,3,0.125,72,IGD,ES,FALSE
LT,8.22120912480111,2,0.08333333333333333,72,IGD,ES,FALSE
LU,3.66275164797962,11,0.4583333333333333,72,IGD,ES,FALSE
LV,10.7279671038396,18,0.75,72,IGD,ES,FALSE
NL,6.3926880372641,5,0.20833333333333334,72,IGD,ES,FALSE
NO,0.706350198657078,24,1,72,IGD,ES,FALSE
PL,1.07428211183261,22,0.9166666666666666,72,IGD,ES,FALSE
RO,1.06496219104463,23,0.9583333333333334,72,IGD,ES,FALSE
SE,4.39471089486051,9,0.375,72,IGD,ES,FALSE
SI,1.99753883396969,20,0.8333333333333334,72,IGD,ES,FALSE
SK,2.31904034447958,16,0.6666666666666666,72,IGD,ES,FALSE
AT,1.13813875576179,21,0.875,72,FOOD,ES,FALSE
BE,2.42495680283,12,0.5,72,FOOD,ES,FALSE
BG,1.94026023238039,17,0.7083333333333334,72,FOOD,ES,FALSE
CZ,5.19838972748859,3,0.125,72,FOOD,ES,FALSE
DE,3.31310067624103,8,0.3333333333333333,72,FOOD,ES,FALSE
DK,2.75305477865376,9,0.375,72,FOOD,ES,FALSE
EE,1.95463663198802,16,0.6666666666666666,72,FOOD,ES,FALSE
GR,0.670453013965804,24,1,72,FOOD,ES,FALSE
ES,1.39142668758312,20,0.8333333333333334,72,FOOD,ES,FALSE
FI,0.89355480461373,23,0.9583333333333334,72,FOOD,ES,FALSE
HR,1.79232369851263,19,0.7916666666666666,72,FOOD,ES,FALSE
HU,3.78828248620883,6,0.25,72,FOOD,ES,FALSE
IE,1.98675245514238,15,0.625,72,FOOD,ES,FALSE
IT,1.92359233536171,18,0.75,72,FOOD,ES,FALSE
LT,2.08250002586798,14,0.5833333333333334,72,FOOD,ES,FALSE
LU,8.86895062441653,1,0.041666666666666664,72,FOOD,ES,FALSE
LV,2.62806763158178,10,0.4166666666666667,72,FOOD,ES,FALSE
NL,2.2511697181408,13,0.5416666666666666,72,FOOD,ES,FALSE
NO,0.93755234276218,22,0.9166666666666666,72,FOOD,ES,FALSE
PL,4.86398305210079,4,0.16666666666666666,72,FOOD,ES,FALSE
RO,7.55676072474452,2,0.08333333333333333,72,FOOD,ES,FALSE
SE,3.72348222001,7,0.2916666666666667,72,FOOD,ES,FALSE
SI,2.54278464698987,11,0.4583333333333333,72,FOOD,ES,FALSE
SK,4.7012262125043,5,0.20833333333333334,72,FOOD,ES,FALSE
AT,20.6374827239844,16,0.6666666666666666,72,NRG,ES,FALSE
BE,3.35063265184768,14,0.5833333333333334,72,NRG,ES,FALSE
BG,12.7261927199134,19,0.7916666666666666,72,NRG,ES,FALSE
CZ,4.87193006019244,8,0.3333333333333333,72,NRG,ES,FALSE
DE,4.6029762811113,9,0.375,72,NRG,ES,FALSE
DK,5.91721979707039,3,0.125,72,NRG,ES,FALSE
EE,5.27832053528197,6,0.25,72,NRG,ES,FALSE
GR,12.6006498678637,20,0.8333333333333334,72,NRG,ES,FALSE
ES,12.0741638437114,21,0.875,72,NRG,ES,FALSE
FI,8.69427804238451,2,0.08333333333333333,72,NRG,ES,FALSE
HR,1.87897621998004,23,0.9583333333333334,72,NRG,ES,FALSE
HU,4.87554020739823,7,0.2916666666666667,72,NRG,ES,FALSE
IE,9.17175986317598,1,0.041666666666666664,72,NRG,ES,FALSE
IT,21.3156076486356,15,0.625,72,NRG,ES,FALSE
LT,5.80649494741126,4,0.16666666666666666,72,NRG,ES,FALSE
LU,3.38640447583932,13,0.5416666666666666,72,NRG,ES,FALSE
LV,11.7481956260256,22,0.9166666666666666,72,NRG,ES,FALSE
NL,4.03664223022863,10,0.4166666666666667,72,NRG,ES,FALSE
NO,0.827203423210575,24,1,72,NRG,ES,FALSE
PL,3.59284791463871,11,0.4583333333333333,72,NRG,ES,FALSE
RO,3.51912888261263,12,0.5,72,NRG,ES,FALSE
SE,5.28924193739226,5,0.20833333333333334,72,NRG,ES,FALSE
SI,2.74397005424957,17,0.7083333333333334,72,NRG,ES,FALSE
SK,2.3931999056826,18,0.75,72,NRG,ES,FALSE
AT,1.59689812728815,13,0.5416666666666666,72,IGD_NNRG,ES,FALSE
BE,0.970373165432493,18,0.75,72,IGD_NNRG,ES,FALSE
BG,2.61644344134916,7,0.2916666666666667,72,IGD_NNRG,ES,FALSE
CZ,2.20232117685852,9,0.375,72,IGD_NNRG,ES,FALSE
DE,1.55921408800845,14,0.5833333333333334,72,IGD_NNRG,ES,FALSE
DK,0.88313584300442,21,0.875,72,IGD_NNRG,ES,FALSE
EE,3.00279520678852,3,0.125,72,IGD_NNRG,ES,FALSE
GR,1.73291760330768,11,0.4583333333333333,72,IGD_NNRG,ES,FALSE
ES,1.72456913120455,12,0.5,72,IGD_NNRG,ES,FALSE
FI,3.46757279950808,1,0.041666666666666664,72,IGD_NNRG,ES,FALSE
HR,2.74725901430315,5,0.20833333333333334,72,IGD_NNRG,ES,FALSE
HU,12.6090896751082,10,0.4166666666666667,72,IGD_NNRG,ES,FALSE
IE,1.47985177712534,15,0.625,72,IGD_NNRG,ES,FALSE
IT,0.969370631545554,19,0.7916666666666666,72,IGD_NNRG,ES,FALSE
LT,1.12204447289592,16,0.6666666666666666,72,IGD_NNRG,ES,FALSE
LU,0.933366907666268,20,0.8333333333333334,72,IGD_NNRG,ES,FALSE
LV,1.0800083819971,17,0.7083333333333334,72,IGD_NNRG,ES,FALSE
NL,2.62454948443078,6,0.25,72,IGD_NNRG,ES,FALSE
NO,0.466602523486168,24,1,72,IGD_NNRG,ES,FALSE
PL,2.78279528215732,4,0.16666666666666666,72,IGD_NNRG,ES,FALSE
RO,0.782678934591902,23,0.9583333333333334,72,IGD_NNRG,ES,FALSE
SE,3.16395083078343,2,0.08333333333333333,72,IGD_NNRG,ES,FALSE
SI,2.28282095493266,8,0.3333333333333333,72,IGD_NNRG,ES,FALSE
SK,0.810666929906168,22,0.9166666666666666,72,IGD_NNRG,ES,FALSE
AT,1.9217070227075,15,0.625,72,TOT_X_NRG,ES,FALSE
BE,2.09026524543543,13,0.5416666666666666,72,TOT_X_NRG,ES,FALSE
BG,4.32695870734332,7,0.2916666666666667,72,TOT_X_NRG,ES,FALSE
CZ,3.30713166991107,9,0.375,72,TOT_X_NRG,ES,FALSE
DE,4.03968541873235,8,0.3333333333333333,72,TOT_X_NRG,ES,FALSE
DK,1.32103566548463,20,0.8333333333333334,72,TOT_X_NRG,ES,FALSE
EE,1.49746868263671,18,0.75,72,TOT_X_NRG,ES,FALSE
GR,0.934687566241566,22,0.9166666666666666,72,TOT_X_NRG,ES,FALSE
ES,4.69981720978438,4,0.16666666666666666,72,TOT_X_NRG,ES,FALSE
FI,2.39193803773278,12,0.5,72,TOT_X_NRG,ES,FALSE
HR,6.09425220617896,2,0.08333333333333333,72,TOT_X_NRG,ES,FALSE
HU,4.52872983471483,6,0.25,72,TOT_X_NRG,ES,FALSE
IE,1.49235267455593,19,0.7916666666666666,72,TOT_X_NRG,ES,FALSE
IT,2.6651865553552,11,0.4583333333333333,72,TOT_X_NRG,ES,FALSE
LT,1.98097460861653,14,0.5833333333333334,72,TOT_X_NRG,ES,FALSE
LU,6.09183301288256,3,0.125,72,TOT_X_NRG,ES,FALSE
LV,3.04596405737873,10,0.4166666666666667,72,TOT_X_NRG,ES,FALSE
NL,0.883412360114552,23,0.9583333333333334,72,TOT_X_NRG,ES,FALSE
NO,4.59401418294381,5,0.20833333333333334,72,TOT_X_NRG,ES,FALSE
PL,0.519808145782553,24,1,72,TOT_X_NRG,ES,FALSE
RO,6.92873163658423,1,0.041666666666666664,72,TOT_X_NRG,ES,FALSE
SE,1.59407029242088,16,0.6666666666666666,72,TOT_X_NRG,ES,FALSE
SI,1.50316034442542,17,0.7083333333333334,72,TOT_X_NRG,ES,FALSE
SK,1.26900917798868,21,0.875,72,TOT_X_NRG,ES,FALSE
AT,4.01964901594022,11,0.5238095238095238,96,DAA,ES,FALSE
BE,1.73658242367555,19,0.9047619047619048,96,DAA,ES,FALSE
CZ,5.20101915591946,7,0.3333333333333333,96,DAA,ES,FALSE
DE,45.7348795044041,9,0.42857142857142855,96,DAA,ES,FALSE
DK,4.7575012448166,10,0.47619047619047616,96,DAA,ES,FALSE
EE,8.77786298657299,2,0.09523809523809523,96,DAA,ES,FALSE
ES,17.335630765301,18,0.8571428571428571,96,DAA,ES,FALSE
FI,3.10127578686926,15,0.7142857142857143,96,DAA,ES,FALSE
GR,3.56747979236175,12,0.5714285714285714,96,DAA,ES,FALSE
HU,0.980442539058733,20,0.9523809523809523,96,DAA,ES,FALSE
IT,2.709050030302,16,0.7619047619047619,96,DAA,ES,FALSE
LT,7.92245336905494,3,0.14285714285714285,96,DAA,ES,FALSE
LU,47.2432025607743,8,0.38095238095238093,96,DAA,ES,FALSE
LV,3.50043684005837,13,0.6190476190476191,96,DAA,ES,FALSE
NL,2.68604354443819,17,0.8095238095238095,96,DAA,ES,FALSE
NO,3.36570764440999,14,0.6666666666666666,96,DAA,ES,FALSE
PL,9.14071706364084,1,0.047619047619047616,96,DAA,ES,FALSE
RO,0.48128314890981,21,1,96,DAA,ES,FALSE
SE,7.4640996558082,5,0.23809523809523808,96,DAA,ES,FALSE
SI,7.78621834924483,4,0.19047619047619047,96,DAA,ES,FALSE
SK,6.74753543467666,6,0.2857142857142857,96,DAA,ES,FALSE
AT,1.9955477811047,22,0.9166666666666666,96,CP00,ES,FALSE
BE,2.17884858405102,20,0.8333333333333334,96,CP00,ES,FALSE
BG,3.19439540316583,15,0.625,96,CP00,ES,FALSE
CZ,6.43225039444978,6,0.25,96,CP00,ES,FALSE
DE,3.86582779595779,12,0.5,96,CP00,ES,FALSE
DK,4.15004776515876,11,0.4583333333333333,96,CP00,ES,FALSE
EE,3.7716122347008,13,0.5416666666666666,96,CP00,ES,FALSE
GR,2.24593220791269,19,0.7916666666666666,96,CP00,ES,FALSE
ES,10.4599519182412,21,0.875,96,CP00,ES,FALSE
FI,6.85272080186287,4,0.16666666666666666,96,CP00,ES,FALSE
HR,4.94178893785574,9,0.375,96,CP00,ES,FALSE
HU,7.31538828000966,3,0.125,96,CP00,ES,FALSE
IE,1.46444468659882,23,0.9583333333333334,96,CP00,ES,FALSE
IT,6.50269796993195,5,0.20833333333333334,96,CP00,ES,FALSE
LT,2.54969318852685,17,0.7083333333333334,96,CP00,ES,FALSE
LU,9.00386573779725,2,0.08333333333333333,96,CP00,ES,FALSE
LV,9.65687135741738,1,0.041666666666666664,96,CP00,ES,FALSE
NL,3.76264696138861,14,0.5833333333333334,96,CP00,ES,FALSE
NO,5.04084677968127,8,0.3333333333333333,96,CP00,ES,FALSE
PL,0.837398056293922,24,1,96,CP00,ES,FALSE
RO,6.16086650971997,7,0.2916666666666667,96,CP00,ES,FALSE
SE,4.78914436650053,10,0.4166666666666667,96,CP00,ES,FALSE
SI,2.5161684877703,18,0.75,96,CP00,ES,FALSE
SK,2.99345590320319,16,0.6666666666666666,96,CP00,ES,FALSE
AT,5.41691379554189,10,0.4166666666666667,96,GD,ES,FALSE
BE,2.65453317631351,19,0.7916666666666666,96,GD,ES,FALSE
BG,2.83890465361874,18,0.75,96,GD,ES,FALSE
CZ,7.92192545875945,5,0.20833333333333334,96,GD,ES,FALSE
DE,2.38371532675035,21,0.875,96,GD,ES,FALSE
DK,3.9988050452151,17,0.7083333333333334,96,GD,ES,FALSE
EE,4.40301567727851,16,0.6666666666666666,96,GD,ES,FALSE
GR,6.16291067466736,9,0.375,96,GD,ES,FALSE
ES,8.35711575606895,4,0.16666666666666666,96,GD,ES,FALSE
FI,7.4733382453558,6,0.25,96,GD,ES,FALSE
HR,5.06817841026019,12,0.5,96,GD,ES,FALSE
HU,10.9929584217988,22,0.9166666666666666,96,GD,ES,FALSE
IE,1.89109988628943,23,0.9583333333333334,96,GD,ES,FALSE
IT,4.87981707580273,13,0.5416666666666666,96,GD,ES,FALSE
LT,6.65019526722618,8,0.3333333333333333,96,GD,ES,FALSE
LU,9.65023420420941,1,0.041666666666666664,96,GD,ES,FALSE
LV,8.45113665656217,3,0.125,96,GD,ES,FALSE
NL,4.41201500124647,15,0.625,96,GD,ES,FALSE
NO,4.62811511107915,14,0.5833333333333334,96,GD,ES,FALSE
PL,8.71481511534762,2,0.08333333333333333,96,GD,ES,FALSE
RO,7.27064535032735,7,0.2916666666666667,96,GD,ES,FALSE
SE,5.34316334451232,11,0.4583333333333333,96,GD,ES,FALSE
SI,2.40972508641336,20,0.8333333333333334,96,GD,ES,FALSE
SK,1.87736427103473,24,1,96,GD,ES,FALSE
AT,1.11331618148208,22,0.9166666666666666,96,SERV,ES,FALSE
BE,1.80907837968885,17,0.7083333333333334,96,SERV,ES,FALSE
BG,0.970334366081645,24,1,96,SERV,ES,FALSE
CZ,4.42560485625239,7,0.2916666666666667,96,SERV,ES,FALSE
DE,4.8807355777948,3,0.125,96,SERV,ES,FALSE
DK,1.18755126462522,21,0.875,96,SERV,ES,FALSE
EE,2.8627575744361,11,0.4583333333333333,96,SERV,ES,FALSE
GR,0.998396089168506,23,0.9583333333333334,96,SERV,ES,FALSE
ES,4.4651485648113,5,0.20833333333333334,96,SERV,ES,FALSE
FI,3.6367914018439,8,0.3333333333333333,96,SERV,ES,FALSE
HR,5.03341450448167,2,0.08333333333333333,96,SERV,ES,FALSE
HU,10.8742473320741,16,0.6666666666666666,96,SERV,ES,FALSE
IE,3.46293003502346,9,0.375,96,SERV,ES,FALSE
IT,4.61594220151288,4,0.16666666666666666,96,SERV,ES,FALSE
LT,1.27616720908469,20,0.8333333333333334,96,SERV,ES,FALSE
LU,5.60305996781761,1,0.041666666666666664,96,SERV,ES,FALSE
LV,2.75386706141493,12,0.5,96,SERV,ES,FALSE
NL,2.37169851164494,13,0.5416666666666666,96,SERV,ES,FALSE
NO,4.45015544574423,6,0.25,96,SERV,ES,FALSE
PL,2.18551425478272,14,0.5833333333333334,96,SERV,ES,FALSE
RO,1.72924971595503,18,0.75,96,SERV,ES,FALSE
SE,3.39705301241033,10,0.4166666666666667,96,SERV,ES,FALSE
SI,1.63905460420572,19,0.7916666666666666,96,SERV,ES,FALSE
SK,2.13446748300613,15,0.625,96,SERV,ES,FALSE
AT,4.18058782737628,10,0.4166666666666667,96,IGD,ES,FALSE
BE,2.68890240459943,18,0.75,96,IGD,ES,FALSE
BG,3.52267548957874,12,0.5,96,IGD,ES,FALSE
CZ,2.85051345183437,17,0.7083333333333334,96,IGD,ES,FALSE
DE,3.2060091207852,14,0.5833333333333334,96,IGD,ES,FALSE
DK,5.46721009167662,8,0.3333333333333333,96,IGD,ES,FALSE
EE,6.93119960446536,5,0.20833333333333334,96,IGD,ES,FALSE
GR,3.36318611059757,13,0.5416666666666666,96,IGD,ES,FALSE
ES,7.03573083493944,4,0.16666666666666666,96,IGD,ES,FALSE
FI,7.059094389649,3,0.125,96,IGD,ES,FALSE
HR,2.89636171922329,15,0.625,96,IGD,ES,FALSE
HU,9.17862985625244,1,0.041666666666666664,96,IGD,ES,FALSE
IE,1.34688653785559,22,0.9166666666666666,96,IGD,ES,FALSE
IT,6.26622315935234,7,0.2916666666666667,96,IGD,ES,FALSE
LT,8.3784511894581,2,0.08333333333333333,96,IGD,ES,FALSE
LU,3.87653700927125,11,0.4583333333333333,96,IGD,ES,FALSE
LV,10.8866145058988,19,0.7916666666666666,96,IGD,ES,FALSE
NL,6.66319220025543,6,0.25,96,IGD,ES,FALSE
NO,0.784985970198404,24,1,96,IGD,ES,FALSE
PL,1.20454015332214,23,0.9583333333333334,96,IGD,ES,FALSE
RO,1.93216559569465,21,0.875,96,IGD,ES,FALSE
SE,4.73706107495061,9,0.375,96,IGD,ES,FALSE
SI,1.99746817285166,20,0.8333333333333334,96,IGD,ES,FALSE
SK,2.89479518624747,16,0.6666666666666666,96,IGD,ES,FALSE
AT,1.1336588863697,21,0.875,96,FOOD,ES,FALSE
BE,2.1017720469668,17,0.7083333333333334,96,FOOD,ES,FALSE
BG,3.06410481184053,9,0.375,96,FOOD,ES,FALSE
CZ,5.82041447634618,3,0.125,96,FOOD,ES,FALSE
DE,3.52747864774532,7,0.2916666666666667,96,FOOD,ES,FALSE
DK,3.06800001916013,8,0.3333333333333333,96,FOOD,ES,FALSE
EE,2.12758973350943,16,0.6666666666666666,96,FOOD,ES,FALSE
GR,0.714731134395952,24,1,96,FOOD,ES,FALSE
ES,1.82591061618125,19,0.7916666666666666,96,FOOD,ES,FALSE
FI,0.799453986558919,23,0.9583333333333334,96,FOOD,ES,FALSE
HR,1.82968182556139,18,0.75,96,FOOD,ES,FALSE
HU,4.23864224544221,5,0.20833333333333334,96,FOOD,ES,FALSE
IE,2.24440048212879,15,0.625,96,FOOD,ES,FALSE
IT,2.28365287864188,14,0.5833333333333334,96,FOOD,ES,FALSE
LT,1.75095032264059,20,0.8333333333333334,96,FOOD,ES,FALSE
LU,9.79495034579323,1,0.041666666666666664,96,FOOD,ES,FALSE
LV,2.38913388207351,13,0.5416666666666666,96,FOOD,ES,FALSE
NL,2.95701359174701,10,0.4166666666666667,96,FOOD,ES,FALSE
NO,1.05885242170068,22,0.9166666666666666,96,FOOD,ES,FALSE
PL,6.09466240194931,2,0.08333333333333333,96,FOOD,ES,FALSE
RO,4.50158758159624,4,0.16666666666666666,96,FOOD,ES,FALSE
SE,3.94151806859518,6,0.25,96,FOOD,ES,FALSE
SI,2.53474207723622,12,0.5,96,FOOD,ES,FALSE
SK,2.66363049241912,11,0.4583333333333333,96,FOOD,ES,FALSE
AT,23.1032954409811,16,0.6666666666666666,96,NRG,ES,FALSE
BE,3.70117582101426,12,0.5,96,NRG,ES,FALSE
BG,13.5090093296762,20,0.8333333333333334,96,NRG,ES,FALSE
CZ,5.25572606375565,8,0.3333333333333333,96,NRG,ES,FALSE
DE,4.61877403689666,11,0.4583333333333333,96,NRG,ES,FALSE
DK,6.27167546823488,5,0.20833333333333334,96,NRG,ES,FALSE
EE,6.32599891658021,4,0.16666666666666666,96,NRG,ES,FALSE
GR,13.4141222407628,21,0.875,96,NRG,ES,FALSE
ES,11.6128022313197,23,0.9583333333333334,96,NRG,ES,FALSE
FI,8.27680970970831,2,0.08333333333333333,96,NRG,ES,FALSE
HR,2.30081160908127,18,0.75,96,NRG,ES,FALSE
HU,5.08744324395482,9,0.375,96,NRG,ES,FALSE
IE,9.35501333334785,1,0.041666666666666664,96,NRG,ES,FALSE
IT,19.3203955598953,19,0.7916666666666666,96,NRG,ES,FALSE
LT,8.07928492103181,3,0.125,96,NRG,ES,FALSE
LU,3.35837257217315,14,0.5833333333333334,96,NRG,ES,FALSE
LV,13.3389672014146,22,0.9166666666666666,96,NRG,ES,FALSE
NL,4.65526973115559,10,0.4166666666666667,96,NRG,ES,FALSE
NO,0.942114780211909,24,1,96,NRG,ES,FALSE
PL,3.48267705542082,13,0.5416666666666666,96,NRG,ES,FALSE
RO,5.30036916978366,7,0.2916666666666667,96,NRG,ES,FALSE
SE,5.98373365108996,6,0.25,96,NRG,ES,FALSE
SI,3.07101798830356,15,0.625,96,NRG,ES,FALSE
SK,2.77393892196362,17,0.7083333333333334,96,NRG,ES,FALSE
AT,1.77551535532076,13,0.5416666666666666,96,IGD_NNRG,ES,FALSE
BE,1.00890528988594,19,0.7916666666666666,96,IGD_NNRG,ES,FALSE
BG,2.04183682467702,7,0.2916666666666667,96,IGD_NNRG,ES,FALSE
CZ,2.57799504225338,5,0.20833333333333334,96,IGD_NNRG,ES,FALSE
DE,1.82495819051121,11,0.4583333333333333,96,IGD_NNRG,ES,FALSE
DK,1.41080572977933,16,0.6666666666666666,96,IGD_NNRG,ES,FALSE
EE,3.90079790113656,1,0.041666666666666664,96,IGD_NNRG,ES,FALSE
GR,1.6695241063912,15,0.625,96,IGD_NNRG,ES,FALSE
ES,1.86996328110017,10,0.4166666666666667,96,IGD_NNRG,ES,FALSE
FI,3.5654942718532,2,0.08333333333333333,96,IGD_NNRG,ES,FALSE
HR,3.05755392579729,4,0.16666666666666666,96,IGD_NNRG,ES,FALSE
HU,13.3316000928862,8,0.3333333333333333,96,IGD_NNRG,ES,FALSE
IE,1.67971694383762,14,0.5833333333333334,96,IGD_NNRG,ES,FALSE
IT,0.954423769891834,20,0.8333333333333334,96,IGD_NNRG,ES,FALSE
LT,1.30309480361091,17,0.7083333333333334,96,IGD_NNRG,ES,FALSE
LU,0.94901678215967,21,0.875,96,IGD_NNRG,ES,FALSE
LV,1.19286133610379,18,0.75,96,IGD_NNRG,ES,FALSE
NL,1.82023932282757,12,0.5,96,IGD_NNRG,ES,FALSE
NO,0.581887510379501,24,1,96,IGD_NNRG,ES,FALSE
PL,2.23754956416584,6,0.25,96,IGD_NNRG,ES,FALSE
RO,0.874297427762072,22,0.9166666666666666,96,IGD_NNRG,ES,FALSE
SE,3.17603606637273,3,0.125,96,IGD_NNRG,ES,FALSE
SI,1.94810489494783,9,0.375,96,IGD_NNRG,ES,FALSE
SK,0.83759317037511,23,0.9583333333333334,96,IGD_NNRG,ES,FALSE
AT,2.14842822957826,15,0.625,96,TOT_X_NRG,ES,FALSE
BE,2.27127114437488,13,0.5416666666666666,96,TOT_X_NRG,ES,FALSE
BG,4.43294614295157,7,0.2916666666666667,96,TOT_X_NRG,ES,FALSE
CZ,4.21192662824348,8,0.3333333333333333,96,TOT_X_NRG,ES,FALSE
DE,4.20654504069848,9,0.375,96,TOT_X_NRG,ES,FALSE
DK,1.43879866799955,20,0.8333333333333334,96,TOT_X_NRG,ES,FALSE
EE,1.68912224267833,19,0.7916666666666666,96,TOT_X_NRG,ES,FALSE
GR,1.02018604040072,21,0.875,96,TOT_X_NRG,ES,FALSE
ES,4.87307971257643,5,0.20833333333333334,96,TOT_X_NRG,ES,FALSE
FI,2.68867175892357,12,0.5,96,TOT_X_NRG,ES,FALSE
HR,5.42381667271634,3,0.125,96,TOT_X_NRG,ES,FALSE
HU,5.20103725550893,4,0.16666666666666666,96,TOT_X_NRG,ES,FALSE
IE,1.69494686801192,18,0.75,96,TOT_X_NRG,ES,FALSE
IT,2.90096453428775,10,0.4166666666666667,96,TOT_X_NRG,ES,FALSE
LT,2.16397335424222,14,0.5833333333333334,96,TOT_X_NRG,ES,FALSE
LU,6.06962690570663,2,0.08333333333333333,96,TOT_X_NRG,ES,FALSE
LV,2.87378178682649,11,0.4583333333333333,96,TOT_X_NRG,ES,FALSE
NL,0.932972398891699,22,0.9166666666666666,96,TOT_X_NRG,ES,FALSE
NO,4.77444184203982,6,0.25,96,TOT_X_NRG,ES,FALSE
PL,0.360752928633202,24,1,96,TOT_X_NRG,ES,FALSE
RO,6.11172802025487,1,0.041666666666666664,96,TOT_X_NRG,ES,FALSE
SE,1.84967955022735,17,0.7083333333333334,96,TOT_X_NRG,ES,FALSE
SI,1.89907229440411,16,0.6666666666666666,96,TOT_X_NRG,ES,FALSE
SK,0.890784061587102,23,0.9583333333333334,96,TOT_X_NRG,ES,FALSE
AT,4.45282190345663,6,0.2608695652173913,48,DAA,PT,FALSE
BE,2.72610402010816,14,0.6086956521739131,48,DAA,PT,FALSE
BG,1.3975744490472,22,0.9565217391304348,48,DAA,PT,FALSE
CZ,6.38166202748786,3,0.13043478260869565,48,DAA,PT,FALSE
DE,36.5813583644673,9,0.391304347826087,48,DAA,PT,FALSE
DK,4.09303338104854,8,0.34782608695652173,48,DAA,PT,FALSE
EE,17.2587157077606,16,0.6956521739130435,48,DAA,PT,FALSE
FI,2.73437990762419,13,0.5652173913043478,48,DAA,PT,FALSE
GR,2.53987845658479,15,0.6521739130434783,48,DAA,PT,FALSE
HR,11.0211575092882,20,0.8695652173913043,48,DAA,PT,FALSE
HU,4.80396490198193,5,0.21739130434782608,48,DAA,PT,FALSE
IT,2.78132130560182,12,0.5217391304347826,48,DAA,PT,FALSE
LT,11.1853942195412,19,0.8260869565217391,48,DAA,PT,FALSE
LU,35.217031975454,10,0.43478260869565216,48,DAA,PT,FALSE
LV,10.5082656574459,21,0.9130434782608695,48,DAA,PT,FALSE
NL,4.22189894078001,7,0.30434782608695654,48,DAA,PT,FALSE
NO,3.32106072573692,11,0.4782608695652174,48,DAA,PT,FALSE
PL,6.86326358963749,2,0.08695652173913043,48,DAA,PT,FALSE
PT,15.8632326683481,17,0.7391304347826086,48,DAA,PT,FALSE
RO,0.213546980408062,23,1,48,DAA,PT,FALSE
SE,5.57397946587639,4,0.17391304347826086,48,DAA,PT,FALSE
SI,11.741355723322,18,0.782608695652174,48,DAA,PT,FALSE
SK,7.49875313742501,1,0.043478260869565216,48,DAA,PT,FALSE
AT,1.31943925684504,22,0.9166666666666666,48,CP00,PT,FALSE
BE,2.10036568719415,17,0.7083333333333334,48,CP00,PT,FALSE
BG,1.93831864781259,19,0.7916666666666666,48,CP00,PT,FALSE
CZ,5.50773262576611,6,0.25,48,CP00,PT,FALSE
DE,3.77501035275995,10,0.4166666666666667,48,CP00,PT,FALSE
DK,3.59392681282308,12,0.5,48,CP00,PT,FALSE
EE,2.82088822784473,14,0.5833333333333334,48,CP00,PT,FALSE
GR,1.43094438559737,20,0.8333333333333334,48,CP00,PT,FALSE
FI,6.94171185890317,3,0.125,48,CP00,PT,FALSE
HR,4.00854032097483,9,0.375,48,CP00,PT,FALSE
HU,5.67884855235998,4,0.16666666666666666,48,CP00,PT,FALSE
IE,1.32806177774599,21,0.875,48,CP00,PT,FALSE
IT,5.20333192597928,8,0.3333333333333333,48,CP00,PT,FALSE
LT,2.20023652747134,16,0.6666666666666666,48,CP00,PT,FALSE
LU,8.54774214790211,1,0.041666666666666664,48,CP00,PT,FALSE
LV,8.24147078879149,2,0.08333333333333333,48,CP00,PT,FALSE
NL,3.31013553194726,13,0.5416666666666666,48,CP00,PT,FALSE
NO,5.53733976476604,5,0.20833333333333334,48,CP00,PT,FALSE
PL,1.01842881577087,23,0.9583333333333334,48,CP00,PT,FALSE
PT,0.992093891199227,24,1,48,CP00,PT,FALSE
RO,11.7379622879267,18,0.75,48,CP00,PT,FALSE
SE,5.21758091425043,7,0.2916666666666667,48,CP00,PT,FALSE
SI,2.61149709790205,15,0.625,48,CP00,PT,FALSE
SK,3.69406268384645,11,0.4583333333333333,48,CP00,PT,FALSE
AT,3.92183789891933,14,0.5833333333333334,48,GD,PT,FALSE
BE,2.65479076740195,18,0.75,48,GD,PT,FALSE
BG,4.93585843105503,10,0.4166666666666667,48,GD,PT,FALSE
CZ,3.0429057581094,15,0.625,48,GD,PT,FALSE
DE,1.71904712524995,23,0.9583333333333334,48,GD,PT,FALSE
DK,4.51217647629044,13,0.5416666666666666,48,GD,PT,FALSE
EE,2.84964993549267,17,0.7083333333333334,48,GD,PT,FALSE
GR,5.50848156062181,7,0.2916666666666667,48,GD,PT,FALSE
FI,7.02612369321537,4,0.16666666666666666,48,GD,PT,FALSE
HR,5.01028601413319,9,0.375,48,GD,PT,FALSE
HU,8.29399079126194,1,0.041666666666666664,48,GD,PT,FALSE
IE,1.46660177761051,24,1,48,GD,PT,FALSE
IT,5.36177340242681,8,0.3333333333333333,48,GD,PT,FALSE
LT,4.62521314785441,12,0.5,48,GD,PT,FALSE
LU,7.31466593717875,3,0.125,48,GD,PT,FALSE
LV,7.57728120837456,2,0.08333333333333333,48,GD,PT,FALSE
NL,3.02735464606033,16,0.6666666666666666,48,GD,PT,FALSE
NO,5.57294759521596,6,0.25,48,GD,PT,FALSE
PL,5.97953314935377,5,0.20833333333333334,48,GD,PT,FALSE
PT,2.64997178450894,19,0.7916666666666666,48,GD,PT,FALSE
RO,16.1977889885832,20,0.8333333333333334,48,GD,PT,FALSE
SE,4.77995024989627,11,0.4583333333333333,48,GD,PT,FALSE
SI,1.83597355505371,21,0.875,48,GD,PT,FALSE
SK,1.80736169561985,22,0.9166666666666666,48,GD,PT,FALSE
AT,1.03632140147361,22,0.9166666666666666,48,SERV,PT,FALSE
BE,4.13690530318037,9,0.375,48,SERV,PT,FALSE
BG,1.43155618210706,19,0.7916666666666666,48,SERV,PT,FALSE
CZ,3.69317884506977,12,0.5,48,SERV,PT,FALSE
DE,5.92521067782599,4,0.16666666666666666,48,SERV,PT,FALSE
DK,2.46795176038686,16,0.6666666666666666,48,SERV,PT,FALSE
EE,2.50801984115303,15,0.625,48,SERV,PT,FALSE
GR,0.776988893050858,23,0.9583333333333334,48,SERV,PT,FALSE
FI,4.29848272789392,8,0.3333333333333333,48,SERV,PT,FALSE
HR,6.03576741253075,3,0.125,48,SERV,PT,FALSE
HU,9.94064962516251,1,0.041666666666666664,48,SERV,PT,FALSE
IE,5.13720481078979,5,0.20833333333333334,48,SERV,PT,FALSE
IT,5.02287105662909,6,0.25,48,SERV,PT,FALSE
LT,0.715545344035315,24,1,48,SERV,PT,FALSE
LU,9.36927725809531,2,0.08333333333333333,48,SERV,PT,FALSE
LV,4.11447187261864,10,0.4166666666666667,48,SERV,PT,FALSE
NL,1.63148159682573,18,0.75,48,SERV,PT,FALSE
NO,3.98898033048319,11,0.4583333333333333,48,SERV,PT,FALSE
PL,1.64193650473104,17,0.7083333333333334,48,SERV,PT,FALSE
PT,2.58160701892246,14,0.5833333333333334,48,SERV,PT,FALSE
RO,4.3509857789301,7,0.2916666666666667,48,SERV,PT,FALSE
SE,2.62993805231954,13,0.5416666666666666,48,SERV,PT,FALSE
SI,1.24860572764553,21,0.875,48,SERV,PT,FALSE
SK,1.3147750665882,20,0.8333333333333334,48,SERV,PT,FALSE
AT,3.50800658519166,16,0.6666666666666666,48,IGD,PT,FALSE
BE,1.99319921347391,19,0.7916666666666666,48,IGD,PT,FALSE
BG,4.91135087685003,8,0.3333333333333333,48,IGD,PT,FALSE
CZ,2.47251433608417,18,0.75,48,IGD,PT,FALSE
DE,1.95342464380637,20,0.8333333333333334,48,IGD,PT,FALSE
DK,5.05851028032637,6,0.25,48,IGD,PT,FALSE
EE,5.21949096728877,5,0.20833333333333334,48,IGD,PT,FALSE
GR,4.3916788993596,12,0.5,48,IGD,PT,FALSE
FI,4.90399232951169,9,0.375,48,IGD,PT,FALSE
HR,4.56739504705727,10,0.4166666666666667,48,IGD,PT,FALSE
HU,9.60076874518756,1,0.041666666666666664,48,IGD,PT,FALSE
IE,1.08267857873864,23,0.9583333333333334,48,IGD,PT,FALSE
IT,6.4684784471231,4,0.16666666666666666,48,IGD,PT,FALSE
LT,3.85451650183146,14,0.5833333333333334,48,IGD,PT,FALSE
LU,6.57408783347601,3,0.125,48,IGD,PT,FALSE
LV,9.08171297504365,2,0.08333333333333333,48,IGD,PT,FALSE
NL,4.04736405239309,13,0.5416666666666666,48,IGD,PT,FALSE
NO,0.342607776833769,24,1,48,IGD,PT,FALSE
PL,1.13925670678445,22,0.9166666666666666,48,IGD,PT,FALSE
PT,3.61097490311439,15,0.625,48,IGD,PT,FALSE
RO,4.97991048602285,7,0.2916666666666667,48,IGD,PT,FALSE
SE,4.40495770049538,11,0.4583333333333333,48,IGD,PT,FALSE
SI,1.53965529997975,21,0.875,48,IGD,PT,FALSE
SK,3.09353806776483,17,0.7083333333333334,48,IGD,PT,FALSE
AT,1.11928261637388,22,0.9166666666666666,48,FOOD,PT,FALSE
BE,3.31918377644711,8,0.3333333333333333,48,FOOD,PT,FALSE
BG,1.85467078204101,18,0.75,48,FOOD,PT,FALSE
CZ,10.5672306688666,17,0.7083333333333334,48,FOOD,PT,FALSE
DE,3.0925615414149,9,0.375,48,FOOD,PT,FALSE
DK,3.57857488959443,5,0.20833333333333334,48,FOOD,PT,FALSE
EE,1.69265217837391,20,0.8333333333333334,48,FOOD,PT,FALSE
GR,0.899767199379018,23,0.9583333333333334,48,FOOD,PT,FALSE
FI,1.16487773873593,21,0.875,48,FOOD,PT,FALSE
HR,3.39348915778092,7,0.2916666666666667,48,FOOD,PT,FALSE
HU,2.84762563825166,10,0.4166666666666667,48,FOOD,PT,FALSE
IE,1.73303840463524,19,0.7916666666666666,48,FOOD,PT,FALSE
IT,2.27067069044338,15,0.625,48,FOOD,PT,FALSE
LT,2.57617019158893,11,0.4583333333333333,48,FOOD,PT,FALSE
LU,7.67750452152673,2,0.08333333333333333,48,FOOD,PT,FALSE
LV,2.54223757835852,12,0.5,48,FOOD,PT,FALSE
NL,2.50853512660394,13,0.5416666666666666,48,FOOD,PT,FALSE
NO,0.877219613498065,24,1,48,FOOD,PT,FALSE
PL,5.24316140717433,3,0.125,48,FOOD,PT,FALSE
PT,3.43362298476452,6,0.25,48,FOOD,PT,FALSE
RO,8.59774746604644,1,0.041666666666666664,48,FOOD,PT,FALSE
SE,3.66445608628366,4,0.16666666666666666,48,FOOD,PT,FALSE
SI,2.36785567827926,14,0.5833333333333334,48,FOOD,PT,FALSE
SK,2.07585755021217,16,0.6666666666666666,48,FOOD,PT,FALSE
AT,11.5496348609889,22,0.9166666666666666,48,NRG,PT,FALSE
BE,2.58773335644893,17,0.7083333333333334,48,NRG,PT,FALSE
BG,9.36563000734691,1,0.041666666666666664,48,NRG,PT,FALSE
CZ,4.07145168974407,11,0.4583333333333333,48,NRG,PT,FALSE
DE,5.74285368156443,6,0.25,48,NRG,PT,FALSE
DK,3.76443724213077,12,0.5,48,NRG,PT,FALSE
EE,4.4310636154496,9,0.375,48,NRG,PT,FALSE
GR,14.1803869035253,21,0.875,48,NRG,PT,FALSE
FI,8.67886494052402,2,0.08333333333333333,48,NRG,PT,FALSE
HR,2.01441357380616,19,0.7916666666666666,48,NRG,PT,FALSE
HU,4.25610595237179,10,0.4166666666666667,48,NRG,PT,FALSE
IE,7.76494971512372,3,0.125,48,NRG,PT,FALSE
IT,14.2096340180304,20,0.8333333333333334,48,NRG,PT,FALSE
LT,5.5487540311737,7,0.2916666666666667,48,NRG,PT,FALSE
LU,6.02851795300373,4,0.16666666666666666,48,NRG,PT,FALSE
LV,10.1142052648155,23,0.9583333333333334,48,NRG,PT,FALSE
NL,3.08545555895594,14,0.5833333333333334,48,NRG,PT,FALSE
NO,0.708995308029935,24,1,48,NRG,PT,FALSE
PL,2.85872478930899,15,0.625,48,NRG,PT,FALSE
PT,3.17088524137964,13,0.5416666666666666,48,NRG,PT,FALSE
RO,5.87217432042644,5,0.20833333333333334,48,NRG,PT,FALSE
SE,4.70174377611986,8,0.3333333333333333,48,NRG,PT,FALSE
SI,2.73663855520855,16,0.6666666666666666,48,NRG,PT,FALSE
SK,2.09278098045278,18,0.75,48,NRG,PT,FALSE
AT,1.48838729967099,14,0.5833333333333334,48,IGD_NNRG,PT,FALSE
BE,0.887833036400074,20,0.8333333333333334,48,IGD_NNRG,PT,FALSE
BG,1.18385841240772,16,0.6666666666666666,48,IGD_NNRG,PT,FALSE
CZ,1.75961061500579,10,0.4166666666666667,48,IGD_NNRG,PT,FALSE
DE,1.55072604053553,13,0.5416666666666666,48,IGD_NNRG,PT,FALSE
DK,0.648908545119006,23,0.9583333333333334,48,IGD_NNRG,PT,FALSE
EE,3.40521769514448,2,0.08333333333333333,48,IGD_NNRG,PT,FALSE
GR,1.57336184726241,12,0.5,48,IGD_NNRG,PT,FALSE
FI,3.38312280814928,3,0.125,48,IGD_NNRG,PT,FALSE
HR,2.51530371236901,7,0.2916666666666667,48,IGD_NNRG,PT,FALSE
HU,12.1172423666882,8,0.3333333333333333,48,IGD_NNRG,PT,FALSE
IE,1.30139734537159,15,0.625,48,IGD_NNRG,PT,FALSE
IT,1.8514825677394,9,0.375,48,IGD_NNRG,PT,FALSE
LT,1.16220327528503,17,0.7083333333333334,48,IGD_NNRG,PT,FALSE
LU,0.989514971444211,18,0.75,48,IGD_NNRG,PT,FALSE
LV,0.908945748563397,19,0.7916666666666666,48,IGD_NNRG,PT,FALSE
NL,2.60163361059371,6,0.25,48,IGD_NNRG,PT,FALSE
NO,0.514352119084367,24,1,48,IGD_NNRG,PT,FALSE
PL,2.66390963475962,5,0.20833333333333334,48,IGD_NNRG,PT,FALSE
PT,1.69236482438173,11,0.4583333333333333,48,IGD_NNRG,PT,FALSE
RO,0.839045264333954,22,0.9166666666666666,48,IGD_NNRG,PT,FALSE
SE,2.86449027268689,4,0.16666666666666666,48,IGD_NNRG,PT,FALSE
SI,3.43913239014612,1,0.041666666666666664,48,IGD_NNRG,PT,FALSE
SK,0.877941979924515,21,0.875,48,IGD_NNRG,PT,FALSE
AT,2.09111130888987,16,0.6666666666666666,48,TOT_X_NRG,PT,FALSE
BE,2.17286015269555,14,0.5833333333333334,48,TOT_X_NRG,PT,FALSE
BG,3.14688577087014,10,0.4166666666666667,48,TOT_X_NRG,PT,FALSE
CZ,6.55176303815789,1,0.041666666666666664,48,TOT_X_NRG,PT,FALSE
DE,3.25356128194915,9,0.375,48,TOT_X_NRG,PT,FALSE
DK,2.13914705547426,15,0.625,48,TOT_X_NRG,PT,FALSE
EE,1.33780127798502,20,0.8333333333333334,48,TOT_X_NRG,PT,FALSE
GR,0.89700865557549,23,0.9583333333333334,48,TOT_X_NRG,PT,FALSE
FI,2.68909635130606,11,0.4583333333333333,48,TOT_X_NRG,PT,FALSE
HR,6.04628649685448,2,0.08333333333333333,48,TOT_X_NRG,PT,FALSE
HU,3.93285965426345,6,0.25,48,TOT_X_NRG,PT,FALSE
IE,1.42608527624773,18,0.75,48,TOT_X_NRG,PT,FALSE
IT,3.33041493471564,7,0.2916666666666667,48,TOT_X_NRG,PT,FALSE
LT,3.30533036257072,8,0.3333333333333333,48,TOT_X_NRG,PT,FALSE
LU,5.52240552357428,4,0.16666666666666666,48,TOT_X_NRG,PT,FALSE
LV,2.19668152478706,13,0.5416666666666666,48,TOT_X_NRG,PT,FALSE
NL,0.804430325742262,24,1,48,TOT_X_NRG,PT,FALSE
NO,4.33680112402864,5,0.20833333333333334,48,TOT_X_NRG,PT,FALSE
PL,0.942198882201763,22,0.9166666666666666,48,TOT_X_NRG,PT,FALSE
PT,1.35647292203335,19,0.7916666666666666,48,TOT_X_NRG,PT,FALSE
RO,5.85983918590176,3,0.125,48,TOT_X_NRG,PT,FALSE
SE,1.95634789913686,17,0.7083333333333334,48,TOT_X_NRG,PT,FALSE
SI,2.36916883679453,12,0.5,48,TOT_X_NRG,PT,FALSE
SK,1.29359066051222,21,0.875,48,TOT_X_NRG,PT,FALSE
AT,3.46736763943158,10,0.47619047619047616,72,DAA,PT,FALSE
BE,1.80246558862782,20,0.9523809523809523,72,DAA,PT,FALSE
CZ,4.74262776815278,8,0.38095238095238093,72,DAA,PT,FALSE
DE,42.1229232591562,7,0.3333333333333333,72,DAA,PT,FALSE
DK,4.36044862490423,9,0.42857142857142855,72,DAA,PT,FALSE
EE,19.0139608304706,17,0.8095238095238095,72,DAA,PT,FALSE
FI,3.34932822600356,12,0.5714285714285714,72,DAA,PT,FALSE
GR,3.21543925740765,13,0.6190476190476191,72,DAA,PT,FALSE
HU,2.16138363287864,16,0.7619047619047619,72,DAA,PT,FALSE
IT,2.53648562982983,15,0.7142857142857143,72,DAA,PT,FALSE
LT,8.74512757695243,1,0.047619047619047616,72,DAA,PT,FALSE
LU,42.7284279934784,6,0.2857142857142857,72,DAA,PT,FALSE
LV,10.23984092617,19,0.9047619047619048,72,DAA,PT,FALSE
NL,2.74404462615181,14,0.6666666666666666,72,DAA,PT,FALSE
NO,3.45784090067966,11,0.5238095238095238,72,DAA,PT,FALSE
PL,7.61485104480945,2,0.09523809523809523,72,DAA,PT,FALSE
PT,16.4474726083574,18,0.8571428571428571,72,DAA,PT,FALSE
RO,0.45449672624633,21,1,72,DAA,PT,FALSE
SE,6.81104984958018,4,0.19047619047619047,72,DAA,PT,FALSE
SI,7.05616939288993,3,0.14285714285714285,72,DAA,PT,FALSE
SK,6.40564623677003,5,0.23809523809523808,72,DAA,PT,FALSE
AT,1.73195416391274,20,0.8333333333333334,72,CP00,PT,FALSE
BE,2.24344782281073,19,0.7916666666666666,72,CP00,PT,FALSE
BG,3.39114325798917,14,0.5833333333333334,72,CP00,PT,FALSE
CZ,6.1985633561302,5,0.20833333333333334,72,CP00,PT,FALSE
DE,5.89498885048574,7,0.2916666666666667,72,CP00,PT,FALSE
DK,3.42508196042989,13,0.5416666666666666,72,CP00,PT,FALSE
EE,3.38867984107354,15,0.625,72,CP00,PT,FALSE
GR,1.71791123378194,21,0.875,72,CP00,PT,FALSE
FI,6.72887237077699,3,0.125,72,CP00,PT,FALSE
HR,4.39143692795341,10,0.4166666666666667,72,CP00,PT,FALSE
HU,6.53849885521507,4,0.16666666666666666,72,CP00,PT,FALSE
IE,1.28296809589949,22,0.9166666666666666,72,CP00,PT,FALSE
IT,4.78816503237423,9,0.375,72,CP00,PT,FALSE
LT,2.36067125420094,18,0.75,72,CP00,PT,FALSE
LU,8.72832545492458,2,0.08333333333333333,72,CP00,PT,FALSE
LV,8.77610317017632,1,0.041666666666666664,72,CP00,PT,FALSE
NL,3.60936933453228,12,0.5,72,CP00,PT,FALSE
NO,4.78988416790036,8,0.3333333333333333,72,CP00,PT,FALSE
PL,0.733806712139741,24,1,72,CP00,PT,FALSE
PT,1.01339942763631,23,0.9583333333333334,72,CP00,PT,FALSE
RO,6.15441202449462,6,0.25,72,CP00,PT,FALSE
SE,4.30235375437127,11,0.4583333333333333,72,CP00,PT,FALSE
SI,2.74654013843823,17,0.7083333333333334,72,CP00,PT,FALSE
SK,3.16042180364571,16,0.6666666666666666,72,CP00,PT,FALSE
AT,4.74337836098824,11,0.4583333333333333,72,GD,PT,FALSE
BE,2.65517707608701,19,0.7916666666666666,72,GD,PT,FALSE
BG,3.67992211713189,15,0.625,72,GD,PT,FALSE
CZ,7.70618053429817,5,0.20833333333333334,72,GD,PT,FALSE
DE,2.04989626097082,21,0.875,72,GD,PT,FALSE
DK,4.30413731882869,13,0.5416666666666666,72,GD,PT,FALSE
EE,3.94800185727135,14,0.5833333333333334,72,GD,PT,FALSE
GR,5.27806394697745,8,0.3333333333333333,72,GD,PT,FALSE
FI,7.88861031239581,3,0.125,72,GD,PT,FALSE
HR,3.07541439408434,17,0.7083333333333334,72,GD,PT,FALSE
HU,10.1057055296022,23,0.9583333333333334,72,GD,PT,FALSE
IE,1.65314422908088,24,1,72,GD,PT,FALSE
IT,5.29667332526197,7,0.2916666666666667,72,GD,PT,FALSE
LT,5.18934470814815,9,0.375,72,GD,PT,FALSE
LU,9.15591806332059,1,0.041666666666666664,72,GD,PT,FALSE
LV,7.88435134708655,4,0.16666666666666666,72,GD,PT,FALSE
NL,3.54196647072662,16,0.6666666666666666,72,GD,PT,FALSE
NO,4.41292221881588,12,0.5,72,GD,PT,FALSE
PL,8.58235282744598,2,0.08333333333333333,72,GD,PT,FALSE
PT,3.01183994455384,18,0.75,72,GD,PT,FALSE
RO,7.68870053192409,6,0.25,72,GD,PT,FALSE
SE,4.78787898311736,10,0.4166666666666667,72,GD,PT,FALSE
SI,2.02465739313442,22,0.9166666666666666,72,GD,PT,FALSE
SK,2.16866649212724,20,0.8333333333333334,72,GD,PT,FALSE
AT,0.981610050341641,23,0.9583333333333334,72,SERV,PT,FALSE
BE,2.46089919728019,14,0.5833333333333334,72,SERV,PT,FALSE
BG,1.19772684836625,20,0.8333333333333334,72,SERV,PT,FALSE
CZ,4.14492795597213,5,0.20833333333333334,72,SERV,PT,FALSE
DE,6.24554500133726,1,0.041666666666666664,72,SERV,PT,FALSE
DK,2.51126002215407,13,0.5416666666666666,72,SERV,PT,FALSE
EE,2.92070206538942,11,0.4583333333333333,72,SERV,PT,FALSE
GR,0.876385937962717,24,1,72,SERV,PT,FALSE
FI,3.54503495872564,9,0.375,72,SERV,PT,FALSE
HR,5.40432178755282,3,0.125,72,SERV,PT,FALSE
HU,10.2505207659752,16,0.6666666666666666,72,SERV,PT,FALSE
IE,3.7751751871478,7,0.2916666666666667,72,SERV,PT,FALSE
IT,4.88370615944674,4,0.16666666666666666,72,SERV,PT,FALSE
LT,1.09326613278187,21,0.875,72,SERV,PT,FALSE
LU,6.24192356856652,2,0.08333333333333333,72,SERV,PT,FALSE
LV,3.64794591255151,8,0.3333333333333333,72,SERV,PT,FALSE
NL,2.16204177886425,15,0.625,72,SERV,PT,FALSE
NO,4.08462154447411,6,0.25,72,SERV,PT,FALSE
PL,1.85177947422184,17,0.7083333333333334,72,SERV,PT,FALSE
PT,2.74897378841834,12,0.5,72,SERV,PT,FALSE
RO,1.59738245419829,18,0.75,72,SERV,PT,FALSE
SE,3.44658440035692,10,0.4166666666666667,72,SERV,PT,FALSE
SI,1.42588418579767,19,0.7916666666666666,72,SERV,PT,FALSE
SK,1.00121290747057,22,0.9166666666666666,72,SERV,PT,FALSE
AT,4.04170962487978,9,0.375,72,IGD,PT,FALSE
BE,2.29655748671225,17,0.7083333333333334,72,IGD,PT,FALSE
BG,2.68048928917253,13,0.5416666666666666,72,IGD,PT,FALSE
CZ,2.74965140181463,12,0.5,72,IGD,PT,FALSE
DE,2.62273647534313,15,0.625,72,IGD,PT,FALSE
DK,6.28845880184536,2,0.08333333333333333,72,IGD,PT,FALSE
EE,6.0629657639902,4,0.16666666666666666,72,IGD,PT,FALSE
GR,4.90523288593145,6,0.25,72,IGD,PT,FALSE
FI,6.6197943191593,1,0.041666666666666664,72,IGD,PT,FALSE
HR,2.67262125307794,14,0.5833333333333334,72,IGD,PT,FALSE
HU,10.1239498437005,19,0.7916666666666666,72,IGD,PT,FALSE
IE,1.18610782731968,21,0.875,72,IGD,PT,FALSE
IT,6.24763417090111,3,0.125,72,IGD,PT,FALSE
LT,3.57208068365029,11,0.4583333333333333,72,IGD,PT,FALSE
LU,5.74857207168498,5,0.20833333333333334,72,IGD,PT,FALSE
LV,10.7279671038397,18,0.75,72,IGD,PT,FALSE
NL,4.80259418206569,7,0.2916666666666667,72,IGD,PT,FALSE
NO,0.706350198656286,24,1,72,IGD,PT,FALSE
PL,1.07428211183254,22,0.9166666666666666,72,IGD,PT,FALSE
PT,3.6162016805198,10,0.4166666666666667,72,IGD,PT,FALSE
RO,1.06496219104509,23,0.9583333333333334,72,IGD,PT,FALSE
SE,4.51138026221201,8,0.3333333333333333,72,IGD,PT,FALSE
SI,1.99743422932712,20,0.8333333333333334,72,IGD,PT,FALSE
SK,2.31904034447987,16,0.6666666666666666,72,IGD,PT,FALSE
AT,1.09758749041667,22,0.9166666666666666,72,FOOD,PT,FALSE
BE,2.36901412693394,13,0.5416666666666666,72,FOOD,PT,FALSE
BG,1.94026023238072,18,0.75,72,FOOD,PT,FALSE
CZ,5.19838972748934,3,0.125,72,FOOD,PT,FALSE
DE,3.51715512336663,8,0.3333333333333333,72,FOOD,PT,FALSE
DK,2.75857124378208,11,0.4583333333333333,72,FOOD,PT,FALSE
EE,1.95463663198845,17,0.7083333333333334,72,FOOD,PT,FALSE
GR,1.14822572294331,21,0.875,72,FOOD,PT,FALSE
FI,0.893554804613749,24,1,72,FOOD,PT,FALSE
HR,1.79232369851262,20,0.8333333333333334,72,FOOD,PT,FALSE
HU,3.78828248620901,6,0.25,72,FOOD,PT,FALSE
IE,1.98675245514476,16,0.6666666666666666,72,FOOD,PT,FALSE
IT,1.92359233536208,19,0.7916666666666666,72,FOOD,PT,FALSE
LT,2.08250002586805,15,0.625,72,FOOD,PT,FALSE
LU,8.86895062441634,1,0.041666666666666664,72,FOOD,PT,FALSE
LV,2.62806763158164,12,0.5,72,FOOD,PT,FALSE
NL,2.25116971814079,14,0.5833333333333334,72,FOOD,PT,FALSE
NO,0.937552342762187,23,0.9583333333333334,72,FOOD,PT,FALSE
PL,4.8639830521006,4,0.16666666666666666,72,FOOD,PT,FALSE
PT,3.22186441174024,9,0.375,72,FOOD,PT,FALSE
RO,7.5567607247439,2,0.08333333333333333,72,FOOD,PT,FALSE
SE,3.72348222000997,7,0.2916666666666667,72,FOOD,PT,FALSE
SI,2.81605669978999,10,0.4166666666666667,72,FOOD,PT,FALSE
SK,4.70122621250382,5,0.20833333333333334,72,FOOD,PT,FALSE
AT,14.6903219904055,19,0.7916666666666666,72,NRG,PT,FALSE
BE,3.35063265184766,15,0.625,72,NRG,PT,FALSE
BG,12.7261927199134,21,0.875,72,NRG,PT,FALSE
CZ,4.87193006019253,9,0.375,72,NRG,PT,FALSE
DE,4.60297628111123,10,0.4166666666666667,72,NRG,PT,FALSE
DK,5.91721979707007,4,0.16666666666666666,72,NRG,PT,FALSE
EE,5.278320535282,7,0.2916666666666667,72,NRG,PT,FALSE
GR,13.1099467213834,20,0.8333333333333334,72,NRG,PT,FALSE
FI,8.69427804238441,2,0.08333333333333333,72,NRG,PT,FALSE
HR,1.87897621998016,23,0.9583333333333334,72,NRG,PT,FALSE
HU,4.94082905713342,8,0.3333333333333333,72,NRG,PT,FALSE
IE,9.06197931637015,1,0.041666666666666664,72,NRG,PT,FALSE
IT,15.8853097589645,18,0.75,72,NRG,PT,FALSE
LT,5.42665286033828,6,0.25,72,NRG,PT,FALSE
LU,7.17273436601265,3,0.125,72,NRG,PT,FALSE
LV,11.7481956260255,22,0.9166666666666666,72,NRG,PT,FALSE
NL,3.89561751064008,11,0.4583333333333333,72,NRG,PT,FALSE
NO,0.827203423208458,24,1,72,NRG,PT,FALSE
PL,3.59284791463874,12,0.5,72,NRG,PT,FALSE
PT,3.43085370774255,14,0.5833333333333334,72,NRG,PT,FALSE
RO,3.51912888261264,13,0.5416666666666666,72,NRG,PT,FALSE
SE,5.43810244867935,5,0.20833333333333334,72,NRG,PT,FALSE
SI,2.76013871466224,16,0.6666666666666666,72,NRG,PT,FALSE
SK,2.39319990568282,17,0.7083333333333334,72,NRG,PT,FALSE
AT,1.59689812728875,13,0.5416666666666666,72,IGD_NNRG,PT,FALSE
BE,0.970373165432003,18,0.75,72,IGD_NNRG,PT,FALSE
BG,2.61644344134943,7,0.2916666666666667,72,IGD_NNRG,PT,FALSE
CZ,2.20232117685922,8,0.3333333333333333,72,IGD_NNRG,PT,FALSE
DE,1.55921408800887,14,0.5833333333333334,72,IGD_NNRG,PT,FALSE
DK,0.883135843004489,20,0.8333333333333334,72,IGD_NNRG,PT,FALSE
EE,3.00279520678824,3,0.125,72,IGD_NNRG,PT,FALSE
GR,1.73291760330767,12,0.5,72,IGD_NNRG,PT,FALSE
FI,3.4472376157514,1,0.041666666666666664,72,IGD_NNRG,PT,FALSE
HR,2.89545210049079,4,0.16666666666666666,72,IGD_NNRG,PT,FALSE
HU,12.6090896751084,10,0.4166666666666667,72,IGD_NNRG,PT,FALSE
IE,1.47985177712434,15,0.625,72,IGD_NNRG,PT,FALSE
IT,1.76318314321534,11,0.4583333333333333,72,IGD_NNRG,PT,FALSE
LT,1.14004360722299,16,0.6666666666666666,72,IGD_NNRG,PT,FALSE
LU,0.94958906133088,19,0.7916666666666666,72,IGD_NNRG,PT,FALSE
LV,0.877847786344078,21,0.875,72,IGD_NNRG,PT,FALSE
NL,2.64528798852402,6,0.25,72,IGD_NNRG,PT,FALSE
NO,0.466602523478434,24,1,72,IGD_NNRG,PT,FALSE
PL,2.78279528215658,5,0.20833333333333334,72,IGD_NNRG,PT,FALSE
PT,1.11368585536681,17,0.7083333333333334,72,IGD_NNRG,PT,FALSE
RO,0.782678934593259,23,0.9583333333333334,72,IGD_NNRG,PT,FALSE
SE,3.16395083078356,2,0.08333333333333333,72,IGD_NNRG,PT,FALSE
SI,2.1798615125832,9,0.375,72,IGD_NNRG,PT,FALSE
SK,0.810666929906657,22,0.9166666666666666,72,IGD_NNRG,PT,FALSE
AT,1.92170702270748,15,0.625,72,TOT_X_NRG,PT,FALSE
BE,2.09026524543544,12,0.5,72,TOT_X_NRG,PT,FALSE
BG,4.32695870734322,6,0.25,72,TOT_X_NRG,PT,FALSE
CZ,3.30713166991099,8,0.3333333333333333,72,TOT_X_NRG,PT,FALSE
DE,4.09367367777601,7,0.2916666666666667,72,TOT_X_NRG,PT,FALSE
DK,1.32546550609129,19,0.7916666666666666,72,TOT_X_NRG,PT,FALSE
EE,1.49746868263741,16,0.6666666666666666,72,TOT_X_NRG,PT,FALSE
GR,1.00741578147724,22,0.9166666666666666,72,TOT_X_NRG,PT,FALSE
FI,2.39193803773325,11,0.4583333333333333,72,TOT_X_NRG,PT,FALSE
HR,6.83271946979259,2,0.08333333333333333,72,TOT_X_NRG,PT,FALSE
HU,4.52872983471465,5,0.20833333333333334,72,TOT_X_NRG,PT,FALSE
IE,1.49235267455598,18,0.75,72,TOT_X_NRG,PT,FALSE
IT,3.24390570947602,9,0.375,72,TOT_X_NRG,PT,FALSE
LT,1.98097460860619,14,0.5833333333333334,72,TOT_X_NRG,PT,FALSE
LU,6.09183301288255,3,0.125,72,TOT_X_NRG,PT,FALSE
LV,2.67279001565031,10,0.4166666666666667,72,TOT_X_NRG,PT,FALSE
NL,0.883412360114747,23,0.9583333333333334,72,TOT_X_NRG,PT,FALSE
NO,4.59401418294778,4,0.16666666666666666,72,TOT_X_NRG,PT,FALSE
PL,0.519808145782486,24,1,72,TOT_X_NRG,PT,FALSE
PT,1.29564827765895,20,0.8333333333333334,72,TOT_X_NRG,PT,FALSE
RO,6.92873163658438,1,0.041666666666666664,72,TOT_X_NRG,PT,FALSE
SE,1.49720348895893,17,0.7083333333333334,72,TOT_X_NRG,PT,FALSE
SI,2.00144528065505,13,0.5416666666666666,72,TOT_X_NRG,PT,FALSE
SK,1.26900917798889,21,0.875,72,TOT_X_NRG,PT,FALSE
AT,4.01964901704852,11,0.5238095238095238,96,DAA,PT,FALSE
BE,1.72866478199201,19,0.9047619047619048,96,DAA,PT,FALSE
CZ,5.20101915581205,7,0.3333333333333333,96,DAA,PT,FALSE
DE,45.7348795042758,9,0.42857142857142855,96,DAA,PT,FALSE
DK,4.75750124460969,10,0.47619047619047616,96,DAA,PT,FALSE
EE,8.77786298644851,2,0.09523809523809523,96,DAA,PT,FALSE
FI,3.10127578708529,15,0.7142857142857143,96,DAA,PT,FALSE
GR,3.68483858910794,12,0.5714285714285714,96,DAA,PT,FALSE
HU,0.980442539058367,20,0.9523809523809523,96,DAA,PT,FALSE
IT,2.62894107082933,17,0.8095238095238095,96,DAA,PT,FALSE
LT,7.92245336900951,3,0.14285714285714285,96,DAA,PT,FALSE
LU,47.243202560788,8,0.38095238095238093,96,DAA,PT,FALSE
LV,3.5004368400869,13,0.6190476190476191,96,DAA,PT,FALSE
NL,2.68939282295025,16,0.7619047619047619,96,DAA,PT,FALSE
NO,3.3657076443999,14,0.6666666666666666,96,DAA,PT,FALSE
PL,9.14071706368366,1,0.047619047619047616,96,DAA,PT,FALSE
PT,16.9265505611462,18,0.8571428571428571,96,DAA,PT,FALSE
RO,0.481283147808238,21,1,96,DAA,PT,FALSE
SE,7.46409965634662,5,0.23809523809523808,96,DAA,PT,FALSE
SI,7.67529452237316,4,0.19047619047619047,96,DAA,PT,FALSE
SK,6.74753543473495,6,0.2857142857142857,96,DAA,PT,FALSE
AT,1.99554778110463,20,0.8333333333333334,96,CP00,PT,FALSE
BE,2.17884858405097,19,0.7916666666666666,96,CP00,PT,FALSE
BG,3.19439540316533,15,0.625,96,CP00,PT,FALSE
CZ,6.43225039444967,5,0.20833333333333334,96,CP00,PT,FALSE
DE,5.49452019543688,7,0.2916666666666667,96,CP00,PT,FALSE
DK,4.18872602155797,12,0.5,96,CP00,PT,FALSE
EE,3.77161223470062,13,0.5416666666666666,96,CP00,PT,FALSE
GR,1.8706753185173,21,0.875,96,CP00,PT,FALSE
FI,6.85272080186355,4,0.16666666666666666,96,CP00,PT,FALSE
HR,4.21303755408163,11,0.4583333333333333,96,CP00,PT,FALSE
HU,7.31538828000688,3,0.125,96,CP00,PT,FALSE
IE,1.46444468659926,22,0.9166666666666666,96,CP00,PT,FALSE
IT,4.60545081122376,10,0.4166666666666667,96,CP00,PT,FALSE
LT,2.54969318852676,17,0.7083333333333334,96,CP00,PT,FALSE
LU,9.73576491419167,1,0.041666666666666664,96,CP00,PT,FALSE
LV,9.34683129219475,2,0.08333333333333333,96,CP00,PT,FALSE
NL,3.75015268795515,14,0.5833333333333334,96,CP00,PT,FALSE
NO,5.04084677968228,8,0.3333333333333333,96,CP00,PT,FALSE
PL,0.837398056293554,24,1,96,CP00,PT,FALSE
PT,1.20294368645252,23,0.9583333333333334,96,CP00,PT,FALSE
RO,6.16086650971999,6,0.25,96,CP00,PT,FALSE
SE,4.76609208320694,9,0.375,96,CP00,PT,FALSE
SI,2.50469304342472,18,0.75,96,CP00,PT,FALSE
SK,2.99345590320324,16,0.6666666666666666,96,CP00,PT,FALSE
AT,5.07189586663415,9,0.375,96,GD,PT,FALSE
BE,2.65453317631339,18,0.75,96,GD,PT,FALSE
BG,2.83890465361876,17,0.7083333333333334,96,GD,PT,FALSE
CZ,7.92192545875949,3,0.125,96,GD,PT,FALSE
DE,2.36039108846821,19,0.7916666666666666,96,GD,PT,FALSE
DK,4.00580447775594,13,0.5416666666666666,96,GD,PT,FALSE
EE,4.4030156772787,12,0.5,96,GD,PT,FALSE
GR,5.54890239842468,6,0.25,96,GD,PT,FALSE
FI,7.1574938854929,5,0.20833333333333334,96,GD,PT,FALSE
HR,3.05373358943723,16,0.6666666666666666,96,GD,PT,FALSE
HU,10.9929584218005,21,0.875,96,GD,PT,FALSE
IE,1.89109988628789,23,0.9583333333333334,96,GD,PT,FALSE
IT,4.90768779741029,10,0.4166666666666667,96,GD,PT,FALSE
LT,5.25053100933094,8,0.3333333333333333,96,GD,PT,FALSE
LU,10.0436112403082,22,0.9166666666666666,96,GD,PT,FALSE
LV,8.76079568710798,1,0.041666666666666664,96,GD,PT,FALSE
NL,3.83907751421668,14,0.5833333333333334,96,GD,PT,FALSE
NO,4.62811511107682,11,0.4583333333333333,96,GD,PT,FALSE
PL,8.71481511534762,2,0.08333333333333333,96,GD,PT,FALSE
PT,3.71961548125311,15,0.625,96,GD,PT,FALSE
RO,7.27064535032735,4,0.16666666666666666,96,GD,PT,FALSE
SE,5.32214963835431,7,0.2916666666666667,96,GD,PT,FALSE
SI,2.03072549501706,20,0.8333333333333334,96,GD,PT,FALSE
SK,1.8773642710345,24,1,96,GD,PT,FALSE
AT,1.11331618148186,22,0.9166666666666666,96,SERV,PT,FALSE
BE,1.80907837968879,17,0.7083333333333334,96,SERV,PT,FALSE
BG,0.970334366081366,24,1,96,SERV,PT,FALSE
CZ,4.42560485625263,5,0.20833333333333334,96,SERV,PT,FALSE
DE,4.88962640974836,3,0.125,96,SERV,PT,FALSE
DK,1.25912222183147,21,0.875,96,SERV,PT,FALSE
EE,3.07032285811833,10,0.4166666666666667,96,SERV,PT,FALSE
GR,0.998396089167204,23,0.9583333333333334,96,SERV,PT,FALSE
FI,3.63679140184376,7,0.2916666666666667,96,SERV,PT,FALSE
HR,5.03341450448107,2,0.08333333333333333,96,SERV,PT,FALSE
HU,10.8742473320739,16,0.6666666666666666,96,SERV,PT,FALSE
IE,3.22923010249856,9,0.375,96,SERV,PT,FALSE
IT,4.61594220151231,4,0.16666666666666666,96,SERV,PT,FALSE
LT,1.27616720908559,20,0.8333333333333334,96,SERV,PT,FALSE
LU,5.60305996781767,1,0.041666666666666664,96,SERV,PT,FALSE
LV,3.05473257234625,11,0.4583333333333333,96,SERV,PT,FALSE
NL,2.37169851164503,13,0.5416666666666666,96,SERV,PT,FALSE
NO,4.38354877898483,6,0.25,96,SERV,PT,FALSE
PL,2.18551425478267,14,0.5833333333333334,96,SERV,PT,FALSE
PT,2.84568785100597,12,0.5,96,SERV,PT,FALSE
RO,1.72924971595505,18,0.75,96,SERV,PT,FALSE
SE,3.55986897747784,8,0.3333333333333333,96,SERV,PT,FALSE
SI,1.37359153807679,19,0.7916666666666666,96,SERV,PT,FALSE
SK,2.13446748300624,15,0.625,96,SERV,PT,FALSE
AT,4.18058782737633,12,0.5,96,IGD,PT,FALSE
BE,2.68890240459942,17,0.7083333333333334,96,IGD,PT,FALSE
BG,3.52267548957881,13,0.5416666666666666,96,IGD,PT,FALSE
CZ,2.85051345183432,16,0.6666666666666666,96,IGD,PT,FALSE
DE,3.2060091207852,14,0.5833333333333334,96,IGD,PT,FALSE
DK,5.77203049701591,4,0.16666666666666666,96,IGD,PT,FALSE
EE,6.9311996044653,2,0.08333333333333333,96,IGD,PT,FALSE
GR,4.44219743052798,11,0.4583333333333333,96,IGD,PT,FALSE
FI,6.77604249626599,3,0.125,96,IGD,PT,FALSE
HR,2.45131477021518,18,0.75,96,IGD,PT,FALSE
HU,9.17862985625247,1,0.041666666666666664,96,IGD,PT,FALSE
IE,1.34688653785554,22,0.9166666666666666,96,IGD,PT,FALSE
IT,5.70500067419441,5,0.20833333333333334,96,IGD,PT,FALSE
LT,4.71119682792964,10,0.4166666666666667,96,IGD,PT,FALSE
LU,5.64031094089056,6,0.25,96,IGD,PT,FALSE
LV,10.6359452773852,20,0.8333333333333334,96,IGD,PT,FALSE
NL,5.0330240696895,7,0.2916666666666667,96,IGD,PT,FALSE
NO,0.784985970197617,24,1,96,IGD,PT,FALSE
PL,1.20454015332198,23,0.9583333333333334,96,IGD,PT,FALSE
PT,4.83368931108073,8,0.3333333333333333,96,IGD,PT,FALSE
RO,1.93216559569521,21,0.875,96,IGD,PT,FALSE
SE,4.73706107495058,9,0.375,96,IGD,PT,FALSE
SI,2.08186415833705,19,0.7916666666666666,96,IGD,PT,FALSE
SK,2.89479518624756,15,0.625,96,IGD,PT,FALSE
AT,1.07027613726038,21,0.875,96,FOOD,PT,FALSE
BE,2.10177204696671,18,0.75,96,FOOD,PT,FALSE
BG,3.06410481184052,10,0.4166666666666667,96,FOOD,PT,FALSE
CZ,5.82041447634643,3,0.125,96,FOOD,PT,FALSE
DE,3.84777495513409,7,0.2916666666666667,96,FOOD,PT,FALSE
DK,3.1190873742059,9,0.375,96,FOOD,PT,FALSE
EE,2.12758973351062,17,0.7083333333333334,96,FOOD,PT,FALSE
GR,0.983323193899078,23,0.9583333333333334,96,FOOD,PT,FALSE
FI,0.799453986558808,24,1,96,FOOD,PT,FALSE
HR,1.82968182556185,19,0.7916666666666666,96,FOOD,PT,FALSE
HU,4.23864224544245,5,0.20833333333333334,96,FOOD,PT,FALSE
IE,2.24440048212862,16,0.6666666666666666,96,FOOD,PT,FALSE
IT,2.31665962136167,15,0.625,96,FOOD,PT,FALSE
LT,1.750950322641,20,0.8333333333333334,96,FOOD,PT,FALSE
LU,9.79495034579264,1,0.041666666666666664,96,FOOD,PT,FALSE
LV,2.38913388207346,14,0.5833333333333334,96,FOOD,PT,FALSE
NL,2.95701359174713,11,0.4583333333333333,96,FOOD,PT,FALSE
NO,1.05885242170082,22,0.9166666666666666,96,FOOD,PT,FALSE
PL,6.09466240194903,2,0.08333333333333333,96,FOOD,PT,FALSE
PT,3.73287304720801,8,0.3333333333333333,96,FOOD,PT,FALSE
RO,4.50158758159614,4,0.16666666666666666,96,FOOD,PT,FALSE
SE,3.9415180685951,6,0.25,96,FOOD,PT,FALSE
SI,2.83381136580695,12,0.5,96,FOOD,PT,FALSE
SK,2.66363049241981,13,0.5416666666666666,96,FOOD,PT,FALSE
AT,15.9468570201,20,0.8333333333333334,96,NRG,PT,FALSE
BE,3.70117582101417,13,0.5416666666666666,96,NRG,PT,FALSE
BG,13.5090093296762,21,0.875,96,NRG,PT,FALSE
CZ,5.25572606375579,9,0.375,96,NRG,PT,FALSE
DE,4.6187740368967,11,0.4583333333333333,96,NRG,PT,FALSE
DK,6.27167546823464,6,0.25,96,NRG,PT,FALSE
EE,6.32599891658031,5,0.20833333333333334,96,NRG,PT,FALSE
GR,12.9699533189556,23,0.9583333333333334,96,NRG,PT,FALSE
FI,8.27680970970813,2,0.08333333333333333,96,NRG,PT,FALSE
HR,2.30081160908121,18,0.75,96,NRG,PT,FALSE
HU,5.123310802748,10,0.4166666666666667,96,NRG,PT,FALSE
IE,8.96859351882086,1,0.041666666666666664,96,NRG,PT,FALSE
IT,16.0527624011346,19,0.7916666666666666,96,NRG,PT,FALSE
LT,6.63077803518198,4,0.16666666666666666,96,NRG,PT,FALSE
LU,7.80140742471982,3,0.125,96,NRG,PT,FALSE
LV,13.3557367574609,22,0.9166666666666666,96,NRG,PT,FALSE
NL,4.42969949595019,12,0.5,96,NRG,PT,FALSE
NO,0.942114780211712,24,1,96,NRG,PT,FALSE
PL,3.48267705542082,14,0.5833333333333334,96,NRG,PT,FALSE
PT,3.27196592645183,15,0.625,96,NRG,PT,FALSE
RO,5.30036916978358,8,0.3333333333333333,96,NRG,PT,FALSE
SE,6.18018522716286,7,0.2916666666666667,96,NRG,PT,FALSE
SI,2.99777292598671,16,0.6666666666666666,96,NRG,PT,FALSE
SK,2.77393892196353,17,0.7083333333333334,96,NRG,PT,FALSE
AT,1.77551535532215,12,0.5,96,IGD_NNRG,PT,FALSE
BE,1.0089052898857,19,0.7916666666666666,96,IGD_NNRG,PT,FALSE
BG,2.04183682467709,7,0.2916666666666667,96,IGD_NNRG,PT,FALSE
CZ,2.57799504225291,5,0.20833333333333334,96,IGD_NNRG,PT,FALSE
DE,1.82495819051045,10,0.4166666666666667,96,IGD_NNRG,PT,FALSE
DK,1.41080572977907,16,0.6666666666666666,96,IGD_NNRG,PT,FALSE
EE,3.90079790113666,1,0.041666666666666664,96,IGD_NNRG,PT,FALSE
GR,1.66952410639137,14,0.5833333333333334,96,IGD_NNRG,PT,FALSE
FI,3.51666865940365,2,0.08333333333333333,96,IGD_NNRG,PT,FALSE
HR,3.09255633289599,4,0.16666666666666666,96,IGD_NNRG,PT,FALSE
HU,13.3316000928861,8,0.3333333333333333,96,IGD_NNRG,PT,FALSE
IE,1.67971694383754,13,0.5416666666666666,96,IGD_NNRG,PT,FALSE
IT,1.62690282583194,15,0.625,96,IGD_NNRG,PT,FALSE
LT,1.30309480361084,17,0.7083333333333334,96,IGD_NNRG,PT,FALSE
LU,0.949425586877955,21,0.875,96,IGD_NNRG,PT,FALSE
LV,0.950764340972724,20,0.8333333333333334,96,IGD_NNRG,PT,FALSE
NL,1.88320583853501,9,0.375,96,IGD_NNRG,PT,FALSE
NO,0.581887510380884,24,1,96,IGD_NNRG,PT,FALSE
PL,2.23754956416555,6,0.25,96,IGD_NNRG,PT,FALSE
PT,1.04048916153207,18,0.75,96,IGD_NNRG,PT,FALSE
RO,0.874297427761868,22,0.9166666666666666,96,IGD_NNRG,PT,FALSE
SE,3.17603606637277,3,0.125,96,IGD_NNRG,PT,FALSE
SI,1.78068773617413,11,0.4583333333333333,96,IGD_NNRG,PT,FALSE
SK,0.837593170375384,23,0.9583333333333334,96,IGD_NNRG,PT,FALSE
AT,2.14842822957771,15,0.625,96,TOT_X_NRG,PT,FALSE
BE,2.26602936079363,13,0.5416666666666666,96,TOT_X_NRG,PT,FALSE
BG,4.4329461429536,6,0.25,96,TOT_X_NRG,PT,FALSE
CZ,4.21192662824366,8,0.3333333333333333,96,TOT_X_NRG,PT,FALSE
DE,4.23399402480044,7,0.2916666666666667,96,TOT_X_NRG,PT,FALSE
DK,1.43879866799875,20,0.8333333333333334,96,TOT_X_NRG,PT,FALSE
EE,1.68912224267828,18,0.75,96,TOT_X_NRG,PT,FALSE
GR,1.02506109077495,21,0.875,96,TOT_X_NRG,PT,FALSE
FI,2.68867175892299,10,0.4166666666666667,96,TOT_X_NRG,PT,FALSE
HR,6.24367940257097,1,0.041666666666666664,96,TOT_X_NRG,PT,FALSE
HU,5.20103725550898,4,0.16666666666666666,96,TOT_X_NRG,PT,FALSE
IE,1.69494686801176,17,0.7083333333333334,96,TOT_X_NRG,PT,FALSE
IT,3.49248171250989,9,0.375,96,TOT_X_NRG,PT,FALSE
LT,2.16397335424794,14,0.5833333333333334,96,TOT_X_NRG,PT,FALSE
LU,6.06962690570662,3,0.125,96,TOT_X_NRG,PT,FALSE
LV,2.48681487261273,11,0.4583333333333333,96,TOT_X_NRG,PT,FALSE
NL,0.932972398891507,22,0.9166666666666666,96,TOT_X_NRG,PT,FALSE
NO,4.77444184204164,5,0.20833333333333334,96,TOT_X_NRG,PT,FALSE
PL,0.360752928633322,24,1,96,TOT_X_NRG,PT,FALSE
PT,1.50465942912793,19,0.7916666666666666,96,TOT_X_NRG,PT,FALSE
RO,6.11172802025506,2,0.08333333333333333,96,TOT_X_NRG,PT,FALSE
SE,1.81730422109881,16,0.6666666666666666,96,TOT_X_NRG,PT,FALSE
SI,2.48040523348087,12,0.5,96,TOT_X_NRG,PT,FALSE
SK,0.890784061586003,23,0.9583333333333334,96,TOT_X_NRG,PT,FALSE
